ID โพสต์,ID เพจ,ชื่อเพจ,ชื่อ,ระยะเวลา (วินาที),เวลาที่เผยแพร่,ลิงก์ถาวร,ประเภทโพสต์,ความคิดเห็นเกี่ยวกับข้อมูล,วันที่,ความคิดเห็น,การเผยแพร่,อิมเพรสชั่น,การโต้ตอบ,จำนวนผู้ติดตามสุทธิ,ความรู้สึก,รายการที่บันทึก,การแชร์,ผู้ชม,ยอดดู,จำนวนวินาทีที่รับชมโดยเฉลี่ย,จำนวนวินาทีที่รับชม
1.22097E+17,6.15721E+13,ติดดินบินโดรน - ขายที่ดินนครนายก,,0,4/11/2026 22:56,https://www.facebook.com/photo.php?fbid=122096568590736301&set=a.122096568614736301&type=3,รูปภาพ,,อายุการใช้งาน,0,--,0,1,0,1,0,0,0,0,,
1.22097E+17,6.15721E+13,ติดดินบินโดรน - ขายที่ดินนครนายก,,0,4/11/2026 22:55,https://www.facebook.com/photo.php?fbid=122096568314736301&set=a.122096568338736301&type=3,รูปภาพ,,อายุการใช้งาน,0,--,64,1,0,1,0,0,52,80,,
1.22127E+17,6.15721E+13,ติดดินบินโดรน - ขายที่ดินนครนายก,"🌿🏡 บ้านสวน 1 ไร่ ใกล้เมืองนครนายก เพียง 2.2 ล้าน!

📍 ต.วังกระโจม อ.เมืองนครนายก

📐 เนื้อที่ 1 ไร่

💰 2,200,000 บาท

🏦 ยื่นกู้ได้ | ไม่ใช่บ้านน็อคดาวน์

📜 โฉนดครุฑแดง พร้อมโอน

🏡 บ้านพร้อมอยู่

▪️ 1 ห้องนอน

▪️ 1 ห้องรับแขก

▪️ 1 ห้องโถง

▪️ 1 ห้องน้ำ

🎁 ฟรี แอร์ 2 ตัว + ผ้าม่าน + โซฟา + เตียงพร้อมที่นอน

💧 แท็งก์น้ำ + ปั๊มน้ำ

🏘️ มีเพื่อนบ้าน ไม่เปลี่ยว

🚗 ใกล้ตลาด โรงเรียน โรงพยาบาล และร้านค้าเพียง 3–4 กม.

✨ ได้ทั้งบ้านและพื้นที่สวน ในทำเลใกล้เมือง เหมาะอยู่อาศัยหรือทำบ้านพัก

📞 096-321-6888 (ซุง)

📱 Line: mrsungz

🔗 https://line.me/ti/p/VbC9xinX7H",0,08/17/2026 20:05,https://www.facebook.com/tiddinnyk/posts/pfbid0XJTygc1ZjMcoxJb3Adccb5vFFpmqHRXNefysvhhTiTyvhMHeXv1kMxUMGFYYmGEel,รูปภาพ,,อายุการใช้งาน,0,--,13,1,0,0,0,1,13,40,,
1.22127E+17,6.15721E+13,ติดดินบินโดรน - ขายที่ดินนครนายก,"🌿🏡 บ้านสวน 1 ไร่ ใกล้เมืองนครนายก ราคาเพียง 2.2 ล้าน! ยื่นกู้ได้ไม่ใช่บ้านน็อคดาวน์

บ้าน 1 ห้องนอน | 1 ห้องรับแขก | 1 ห้องโถง | 1 ห้องน้ำ
มีเพื่อนบ้านไม่เปลี่ยว ✅
🎁 ฟรีแอร์ 2 ตัว + ผ้าม่าน + โซฟา + เตียงพร้อมที่นอน
💧 แท็งก์น้ำ + ปั๊มน้ำ | หิ้วกระเป๋าเข้าอยู่ได้เลย
📜 โฉนดครุฑแดง พร้อมโอน

📍วังกระโจม อ.เมืองนครนายก
🚗 ใกล้ตลาด โรงเรียน โรงพยาบาล และร้านค้า เพียง 3–4 กม.

☎️ นัดชมพื้นที่: 094-887-4343 พลอย
096-321-6888 ซุง
เพจเฟสบุ๊ค : ติดดินบินโดรน - ขายที่ดินนครนายก",0,08/14/2026 17:42,https://www.facebook.com/tiddinnyk/posts/pfbid02rjnULd9cv9NgfacjLQY3EEZewHXUXkzE78XegRY1gpwYzxc8dirR6goWm3yNXgCl,รูปภาพ,,อายุการใช้งาน,0,--,16,1,0,0,0,1,15,49,,
1.22126E+17,6.15721E+13,ติดดินบินโดรน - ขายที่ดินนครนายก,"แปลงนี้ถมแล้ว ฉโนดครุฒแดง
150ตรว. 350000 บาท เหลือหนึ่งแปลงสุดท้าย‼️
200 ตรว.ถมแล้ว ราคา45000 เหลือหนึ่งแปลงสุดท้าย‼️
ตั้งอยู่ ต.วังกระโจม อ.เมือง จ.นครนายก 
✅ที่ดินใกล้สาธารณูปโภค เช่น เซเว่นโลตัสซีเจ DIY thai food และมีตลาดนัดทุกวัน 
✅ ใกล้โรงพยาบาลนครนายก 4 ก็.ม
✅ ใกล้วัดมณีวงศ์เพียงแค่ 3.8 กม
มีเพื่อนบ้าน ไม่เปลี่ยว ซื้อไว้เก็งกำไร หรือไว้ปลูกบ้านพักวัยเกษียนก็เหมาะ ราคาจับต้องได้  น้ำไฟเข้าถึง 

✅สนใจโทร 094-887-4343 คุณพลอย
 และ 096-321-6888 คุณซุง
เพจเฟสบุ๊ค : ติดดินบินโดรน - ขายที่ดินนครนายก",0,8/12/2026 23:35,https://www.facebook.com/tiddinnyk/posts/pfbid02TQqWmuU88V5bTgeXGQRuTsBjhh6eUqkz6DuYhsSemTueNRfXBVwAhhDb6qsMzDHWl,รูปภาพ,,อายุการใช้งาน,0,--,26,1,0,0,0,1,24,66,,
1.22126E+17,6.15721E+13,ติดดินบินโดรน - ขายที่ดินนครนายก,"🌿⛰️ ที่ดินวิวเขาใหญ่ ทำเลสวย ราคาคุ้ม! ⛰️
✨ โอกาสดีสำหรับคนที่กำลังมองหาที่ดินสร้างบ้านพักตากอากาศ รีสอร์ต คาเฟ่ หรือซื้อเก็บลงทุน
📍 พิกัด: ต.นาหินลาด อ.ปากพลี จ.นครนายก
✅ เนื้อที่ 7 ไร่ 308 ตารางวา
✅ เพียงไร่ละ 850,000 บาท
✅ โฉนดครุฑแดง พร้อมโอน
✅ วิวเขาใหญ่สวยงาม บรรยากาศธรรมชาติ
✅ ที่ดิน ไม่ต้องถม พร้อมใช้งาน
✅ น้ำ-ไฟพร้อม
✅ ติดถนนสาธารณะ เดินทางสะดวก
✅ มีเพื่อนบ้าน ไม่เปลี่ยว

📍ใกล้แหล่งท่องเที่ยวและคาเฟ่ชื่อดัง
🌊 อ่างเก็บน้ำวังบอน
☕ ราวินโฮมคาเฟ่

💚 แปลงสวย ทำเลดี บรรยากาศเงียบสงบ อากาศสดชื่น เหมาะทั้งอยู่อาศัย ทำบ้านสวน บ้านพักตากอากาศ หรือพัฒนาเป็นธุรกิจท่องเที่ยวในอนาคต

📞 สนใจติดต่อ 
พลอย 094-887-4343 และ ซุง 096-321-6888
📘 เพจเฟสบุ๊ค : ติดดินบินโดรน - ขายที่ดินนครนายก",0,8/12/2026 23:34,https://www.facebook.com/tiddinnyk/posts/pfbid02pz4G8dpvcuocKHjPKqeU31yLmaUYrr2gBweVdYV7BeNzZsi57NJ7nrq37ivhHnRzl,รูปภาพ,,อายุการใช้งาน,0,--,26,1,0,0,0,1,23,61,,
1.22126E+17,6.15721E+13,ติดดินบินโดรน - ขายที่ดินนครนายก,"บ้านสวนในฝัน…พร้อมให้คุณเป็นเจ้าของ 🏡✨
ตื่นเช้ามาพร้อมอากาศบริสุทธิ์ มองเห็นวิวภูเขา มีสวนผลไม้รอบบ้าน ใช้ชีวิตเรียบง่ายท่ามกลางธรรมชาติ
💚 แถมบ้าน 1 หลัง พร้อมใช้งาน
🏡 1 ห้องนอน | 1 ห้องโถง | 1 ห้องน้ำ | ครัวนอก
💦 ระบบน้ำพร้อม
✅ น้ำประปาหมู่บ้าน
✅ น้ำบาดาล
🍈 ภายในสวนมีไม้ผลให้เก็บกินได้
ทุเรียน • เงาะ • มะยงชิด • มะม่วง

📍 ต.หินตั้ง อ.เมือง จ.นครนายก
🚗 ห่างเขื่อนขุนด่านเพียง 1.5 กม.
🏞️ วิวภูเขาสวย มีเพื่อนบ้าน ไม่เปลี่ยว

✨ เหมาะสำหรับ
🏡 บ้านพักตากอากาศ
🌳 บ้านสวนสำหรับวัยเกษียณ
☕ คาเฟ่เล็ก ๆ หรือโฮมสเตย์

เนื้อที่ 1 ไร่ 7 ตรว. ราคา เพียง 2,700,000 บาทโฉนดครุฑแดง พร้อมโอน บ้านสวนแบบนี้ ทำเลดี บรรยากาศดี หาไม่ได้บ่อย หากกำลังมองหาพื้นที่ที่พร้อมใช้และอยู่ใกล้แหล่งท่องเที่ยว แนะนำให้เข้ามาดูด้วยตัวเอง แล้วจะหลงรักค่ะ ❤️

📞 โทร. 094-887-4343 พลอย
096-321-6888 ซุง
📘 เพจเฟสบุ๊ค : ติดดินบินโดรน - ขายที่ดินนครนายก",0,8/12/2026 23:33,https://www.facebook.com/tiddinnyk/posts/pfbid0aSX6FgnyARKyo1RRa7EWMX5YfY8Nf9d5WNyGE914Qs6FKfx21TVdWSW43AK5udqjl,รูปภาพ,,อายุการใช้งาน,0,--,25,1,0,0,0,1,22,52,,
1.22126E+17,6.15721E+13,ติดดินบินโดรน - ขายที่ดินนครนายก,"🌿 ที่ดินสวย วิวเขา ติดคลองส่งน้ำชลประทาน 🌿
พร้อมสร้างบ้านหรือบ้านพักตากอากาศ บรรยากาศดี อากาศสดชื่น
📍 พิกัด ต.ศรีนาวา อ.เมือง จ.นครนายก
✨ รายละเอียด
✅ เนื้อที่ 175 ตารางวา
✅ ถมแล้ว พร้อมปลูกสร้าง
✅ ติดคลองส่งน้ำชลประทาน
✅ วิวภูเขาสวย
✅ น้ำ-ไฟ พร้อม
✅ ใกล้ CJ และ 7-Eleven
✅ เดินทางสะดวก
💰 ราคาเพียง ตารางวาละ 3,500 บาท
💥 ราคารวม 612,500 บาท

📞 สนใจติดต่อ 
พลอย โทร.094-887-4343
ซุง โทร 096-321-6888
เพจเฟสบุ๊ค : ติดดินบินโดรน - ขายที่ดินนครนายก",0,8/12/2026 23:32,https://www.facebook.com/tiddinnyk/posts/pfbid0SUfnwNNyFP1neeGFcuaV9dzmRSATrJrbLbtYPNqz2QkXgTLSx37tmw5KNLbUA3dQl,รูปภาพ,,อายุการใช้งาน,0,--,23,1,0,0,0,1,20,52,,
1.22126E+17,6.15721E+13,ติดดินบินโดรน - ขายที่ดินนครนายก,โอนที่ดินเขาพระเสร็จเรียบร้อยไปอีก1แปลง ลูกค้าใจดีน่ารักมากๆค่ะ ขอให้อยู่แล้วมีความสุขร่ำรวยยิ่งๆขึ้นไปนะคะ🙏🏻🥰🩷,0,8/12/2026 23:30,https://www.facebook.com/tiddinnyk/posts/pfbid02vKZNSEPKTXw3Viccc3w8yyN6VUc9WK9BUjdSuexmQWUcHwqQxWLEjYqaGAbxFgqKl,รูปภาพ,,อายุการใช้งาน,1,--,150,6,1,13,0,3,141,388,,
1.22124E+17,6.15721E+13,ติดดินบินโดรน - ขายที่ดินนครนายก,"🍃🌳 สวนผลไม้ 1 ไร่ – หินตั้ง นครนายก 🌳🍃
📍 ต.หินตั้ง อ.เมือง จ.นครนายก

🌲 พื้นที่ 1 ไร่ 12 ตรว.
🌲 สวนผลไม้พร้อมเก็บกินได้ทันที ทั้งเงาะ ส้มโอ มะไฟ และอีกหลายชนิด
🌲 เห็นวิวเขาชัด บรรยากาศธรรมชาติสุดๆ
🌲 ที่ดินโฉนดครุฑแดง พร้อมทางสาธารณะถึงแปลง
🌲 เอาน็อคดาวน์ลงทำบ้านสวนได้เลย

✨ ทำเลดีมาก 
✅ ห่าง เขื่อนขุนด่านปราการชลเพียง 2 กม.
✅ ใกล้รีสอร์ท, บ้านทวีสุขรีสอร์ท และแหล่งท่องเที่ยวชื่อดังมากมาย
✅ มีเพื่อนบ้านน่ารัก ไม่เปลี่ยว เดินทางสะดวก ใกล้กรุงเทพ

💰 ราคาเพียง 2.5 ล้านบาท/ไร่ เท่านั้น!
📌 ขณะที่พื้นที่แถวนั้นราคาขึ้นไป 3–4 ล้านบาท/ไร่ แล้ว
👉 แปลงเล็ก ราคาดีที่สุด คุ้มมาก รีบจับจองก่อนพลาด

ติดต่อสอบถาม / นัดดูที่
โทร : 094-887-4343 (พลอย)
096-321-6888 ซุง
#รับขายฝาก #ขายฝากที่ดินนครนายก #ที่ดินนครนายก",0,8/4/2026 0:29,https://www.facebook.com/tiddinnyk/posts/pfbid0xqaDHBj4HH95BLV1RHvJrLMLNDwmWjDQqmnMF1Y9GL7Vv3HQvsRuKpnkG8iQhPXol,รูปภาพ,,อายุการใช้งาน,0,--,36,2,0,1,0,1,31,70,,
1.22124E+17,6.15721E+13,ติดดินบินโดรน - ขายที่ดินนครนายก,"แปลงนี้ถมพร้อม เริ่มต้นที่ราคา35000 ถมให้เสร็จ ฉโนดครุฒแดงพื้นที่ เริ่มต้นที่150ตรว. 
350000 บาท
200 ตรว.ราคา45000฿
268 ตรว.ราคา635000฿
1ไร่ 9.5แสน 
1 ไร่ที่ดินตั้งอยู่ ต.วังกระโจม อ.เมือง จ.นครนายก ห่างตัวเมืองนครนายก ประมาน6กิโล มีเพื่อนบ้าน ไม่เปลี่ยว ซื้อไว้เก็งกำไร หรือไว้ปลูกบ้านพักวัยเกษียนก็เหมาะ ราคาจับต้องได้  น้ำไฟเข้าถึง 
✅สนใจโทร 094-887-4343 คุณพลอย
✅096-321-6888 คุณซุง",0,8/4/2026 0:27,https://www.facebook.com/tiddinnyk/posts/pfbid02C6rFC1idZGzqtNBos7gBVz5RnT77x5YRNvDHQ83VKH4J8h2zocmRxazBAzVQMfqpl,รูปภาพ,,อายุการใช้งาน,0,--,33,1,0,0,0,1,30,77,,
1.22124E+17,6.15721E+13,ติดดินบินโดรน - ขายที่ดินนครนายก,"เอกสารสิทธิ์ที่ดิน 5 แบบ ต่างกันยังไง 📄
ดูผิดใบเดียว อาจได้ที่ที่โอนไม่ได้
เลื่อนดูให้ครบก่อนตัดสินใจซื้อนะครับ
#ที่ดินนครนายก #ซื้อที่ดิน #ความรู้ที่ดิน #ที่ดินเจ้าของขายเอง",0,8/2/2026 8:13,https://www.facebook.com/tiddinnyk/posts/pfbid02yHtiW3MgRjRxqpEt3vTxJFQpogP3U1RuHBTtEBekvrMofDo87WPCX76mTe9DkzEil,รูปภาพ,,อายุการใช้งาน,1,--,46,4,0,2,0,1,41,119,,
1.22124E+17,6.15721E+13,ติดดินบินโดรน - ขายที่ดินนครนายก,"ทำสัญญาวางมัดจำเรียบร้อยค่ะ ที่ดินสวยลงขายไม่ถึงเดือนก็พบเจ้าของใหม่ค่ะ ขอบพระคุณผู้ซื้อผู้ขายและทุกท่าน คุณแม่อรที่ส่งลูกค้าให้
ซื้อขายที่ดิน ขายฝากที่ดิน ขอให้นึกถึง ‘พลอยและซุง‘ นะคะ 094-887-4343 , 096-321-6888 🩷🎉🙏🏻⛰️
ฝากเพจค่ะ : ติดดินบินโดรน - ขายที่ดินนครนายก
Thanatchaporn Sapyuennan Sorachat Jaiboon",0,8/1/2026 0:14,https://www.facebook.com/tiddinnyk/posts/pfbid0saSXAAdrFqsfaTJ5jN79g1j4pKFdnyTjfy43AtNJvDMcCcUFeEgdQidsamHa1qxXl,รูปภาพ,,อายุการใช้งาน,1,--,87,8,0,6,0,1,73,232,,
1.22124E+17,6.15721E+13,ติดดินบินโดรน - ขายที่ดินนครนายก,วันนี้พวกเราปิดอีกแปลงแล้วค่า ขอบพระคุณผู้ซื้อผู้ขายทีมงานติดดินบินโดรนค่ะ 🎉🩷🫶🏻,0,8/1/2026 0:10,https://www.facebook.com/tiddinnyk/posts/pfbid037YZTLLMsUD2i7j9hZsATgxVdqZGBRAPv6YSURkZ9qaJVpLEdnPR4G2HgbjcXtBbxl,รูปภาพ,,อายุการใช้งาน,0,--,44,1,0,0,0,1,37,125,,
1.22123E+17,6.15721E+13,ติดดินบินโดรน - ขายที่ดินนครนายก,"ขายด่วน‼️ที่ดิน“ศรีนาวา”ใกล้ครัวขโมง อยู่ใกล้แหล่งท่องเที่ยว ขายเพียง ตรว.ละ3500฿ วิวเขาชัดๆ🏞️ เดินทางสะดวกสบาย🚘 พื้นที่ 200 ตรว.ราคาเพียง 7 แสนบาทเท่านั้น✅✅✅ น้ำไฟพร้อมถึงหน้าแปลง โฉนดครุฑแดง💯 ที่ดินอยู่ห่างครัวขโมงเพียง700เมตร ใกล้เมืองห่างตลาดสดสี่แยกประชาเกษม 4 กิโล ห่างเซเว่น 4 กิโล ห่างโลตัสเพียง 10 กิโลเท่านั้น

📍ตั้งอยู่ ต.ศรีนาวา อ.เมือง จ.นครนายก

☎️สนใจนัดชมพื้นที่หรือสอบถามข้อมูลเพิ่มเติมโทร
094-887-4343 (คุณพลอย)
096-321-6888 (คุณซุง)",0,07/28/2026 04:11,https://www.facebook.com/tiddinnyk/posts/pfbid035YFa5jCzbQSgnXLPZ445T6mpnVQnsUAJJjbTLdWgG1ftT32uzzK1aN81Cf2Ltccsl,รูปภาพ,,อายุการใช้งาน,0,--,74,4,0,3,0,1,62,161,,
1.22123E+17,6.15721E+13,ติดดินบินโดรน - ขายที่ดินนครนายก,วันนี้ปิดอีก1แปลงค่า ขอบพระคุณผู้ซื้อผู้ขายและทีมงานที่พาลูกค้าไปชมที่ดินนะคะ🙏🏻🥰🎉🩷,0,07/28/2026 04:10,https://www.facebook.com/tiddinnyk/posts/pfbid0ypUKimwdxdej2Ur7v6sAmym5YKQyymaKoNpSrnTuhHRQWbjSELaiFjCR1aBPvcD3l,รูปภาพ,,อายุการใช้งาน,0,--,72,3,0,2,0,1,64,170,,
1.22123E+17,6.15721E+13,ติดดินบินโดรน - ขายที่ดินนครนายก,"🌿 ที่ดินแปลงใหญ่ ทำเลดี อ.ปากพลี จ.นครนายก 🌿

📍 โอกาสดีสำหรับคนมองหาที่ดินเพื่อการลงทุน ทำเกษตร บ้านสวน หรือโครงการต่าง ๆ

💰 ราคาเพียง 1,000,000 บาท/ไร่
📐 เนื้อที่รวม 9 ไร่

✨ จุดเด่น
✅ ติดทางสาธารณะ เดินทางสะดวก
✅ ติดรางระบายน้ำ
✅ บรรยากาศดี พื้นที่กว้าง
✅ เหมาะทำบ้านสวน ฟาร์ม คาเฟ่ รีสอร์ท หรือซื้อเก็บลงทุน

📍 ที่ตั้ง : อ.ปากพลี จ.นครนายก

🌳 ที่ดินทำเลดี ใช้งานได้หลากหลาย เดินทางเข้า-ออกสะดวก พร้อมต่อยอดได้ในอนาคต

📞 โทร : 096-321-6888
💬 Line ID : mrsungz
📌 Facebook : ติดดินบินโดน

สนใจสอบถามรายละเอียดเพิ่มเติม หรือนัดเข้าชมพื้นที่ ติดต่อได้เลยครับ",0,07/26/2026 23:41,https://www.facebook.com/tiddinnyk/posts/pfbid02q5dL6CxXoj2M4j47Xn8FJFxzcDAbjavnfCoChA8SuPcWxCwoLVPgjwiZZfNFqRCRl,รูปภาพ,,อายุการใช้งาน,0,--,62,1,0,0,0,1,55,126,,
1.22123E+17,6.15721E+13,ติดดินบินโดรน - ขายที่ดินนครนายก,"🌿 ที่ดินติดลำธาร วิวเขาใหญ่ ทำเลหายาก 🌿

📍 ต.นาหินลาด อ.ปากพลี จ.นครนายก

สัมผัสธรรมชาติแบบใกล้ชิด บรรยากาศเงียบสงบ วิวภูเขาสวย ท้ายแปลงติดลำธารน้ำธรรมชาติ เหมาะสำหรับสร้างบ้านพักตากอากาศ หรือทำธุรกิจรองรับนักท่องเที่ยว

💰 ยกแปลงเพียง 2.6 ล้านบาท
📐 เนื้อที่ 1 ไร่
📜 โฉนดครุฑแดง
✅ ฟรีค่าโอนและค่าใช้จ่ายในการโอน
🤝 ราคาต่อรองได้

✨ จุดเด่น
✅ หน้าติดถนนสาธารณะ
✅ ท้ายแปลงติดลำธารธรรมชาติ ยาวประมาณ 20 เมตร
✅ หน้ากว้างประมาณ 16 เมตร ลึกประมาณ 80 เมตร
✅ ไฟฟ้าและประปาพร้อมหน้าแปลง
✅ น้ำจากธรรมชาติไหลตลอดปี
✅ วิวเขาใหญ่สวย บรรยากาศร่มรื่น

🏡 เหมาะสำหรับ
• บ้านพักตากอากาศ
• บ้านสวนวัยเกษียณ
• โฮมสเตย์
• รีสอร์ท
• คาเฟ่ริมน้ำ

📍 สถานที่ใกล้เคียง
• นาหินลาดรีสอร์ท 500 เมตร
• Ravin Home Cafe 1.5 กม.
• อบต.นาหินลาด 3.7 กม.
• เขื่อนขุนด่านปราการชล 29 กม.
• ฟิวเจอร์พาร์ครังสิต 99 กม.

🌳 เจ้าของไม่มีเวลาดูแล จึงเปิดโอกาสให้เจ้าของใหม่เข้ามาต่อยอดพื้นที่สวยแห่งนี้

📞 โทร : 096-321-6888 (ซุง)
💬 Line ID : mrsungz
📌 Facebook : ติดดินบินโดน

นัดชมพื้นที่จริงหรือสอบถามรายละเอียดเพิ่มเติมได้ครับ",0,07/26/2026 00:14,https://www.facebook.com/tiddinnyk/posts/pfbid02jANywDpswS7aWoNqR7Lz9PLGJGx9bh5QPuCSnViKnjg2ccnJaoyWHXHAFTPHXtzPl,รูปภาพ,,อายุการใช้งาน,0,--,74,1,0,0,0,1,66,173,,
1.22123E+17,6.15721E+13,ติดดินบินโดรน - ขายที่ดินนครนายก,"🚨 แปลงเล็ก วิวเขา ศรีนาวา เหลือเพียง 3แปลงสุดท้ายเท่านั้น ‼️

🎉 ขยายเวลาโปรโมชั่นพิเศษต่อถึงสิ้นเดือนกรกฎาคม 2569 เท่านั้น!

ลดไปเลย แปลงละ ✨ 10,000 ✨(ถึงสิ้นเดือน มิย เท่านั้น)

📍 ที่ดินติดถนนลาดยาง ต.ศรีนาวา อ.เมือง จ.นครนายก

✔️ น้ำ–ไฟหน้าแปลง

✔️ อยู่ในชุมชน เดินทางสะดวก

✔️ ใกล้ตลาด / CJ / 7-Eleven / PTT

✔️ หลังแปลงติดบ่อน้ำ บรรยากาศดี วิวธรรมชาติ

✔️ เหมาะสร้างบ้าน บ้านสวน หรือซื้อเก็บลงทุน

💥 เหลือเพียง 2 แปลงสุดท้าย

🏡 แปลง B ✅

📐 50 ตร.วา

💰 249,000 บาท

———————————————————- 

🏡 แปลง C ✅

📐 50 ตร.วา

💰 329,000 บาท

———————————————————- 

🏡 แปลง E ✅

📐 65.3 ตร.วา

💰 329,000 บาท

⚠️ เมื่อขายครบทั้ง 3 แปลงนี้ ปิดโครงการทันที

📞 โทร. 096-945-3731 (ซุง)

📱 Line ID : mrsungz

🔗 https://line.me/ti/p/VbC9xinX7H

📘 เพจ : ปูแสงจันทร์ ที่ดินนครนายก",0,07/25/2026 22:13,https://www.facebook.com/tiddinnyk/posts/pfbid02Hxbu6WhViRZdvArQjCyREw1HhG4jjc8mPjvrZxbDPXgqiHEwg3LPTMP3dAEFhrP5l,รูปภาพ,,อายุการใช้งาน,0,--,68,11,0,0,0,11,60,160,,
1.22123E+17,6.15721E+13,ติดดินบินโดรน - ขายที่ดินนครนายก,ปิดบ้านได้อีกหนึ่งหลังค่า ขอบพระคุณลูกค้าที่มาชมแล้วชอบวางมัดจำทันทีค่า 🙏🏻🥰🎉,0,07/25/2026 18:12,https://www.facebook.com/tiddinnyk/posts/pfbid0ENSzwT5DfvowzB2FFtfK5oz1wWJdJfuBWLERr3d4N3SuZ5VByCctvYki2cSC5dp2l,รูปภาพ,,อายุการใช้งาน,0,--,76,4,0,3,0,1,64,170,,
1.22123E+17,6.15721E+13,ติดดินบินโดรน - ขายที่ดินนครนายก,ขอบพระคุณลูกค้าที่สุดแสนจะน่ารักมากๆค่าาา ปิดการขายบ้านหนองแสงค่ะ ขอบพระคุณผู้ขายทีมงานของ ติดดินบินโดรนค่ะ 🎉🩷🥰,0,07/25/2026 18:09,https://www.facebook.com/tiddinnyk/posts/pfbid02YRSnRCpQX8US3SxdwnHxg2m2MTicQPhRQSmoKzwy2Bvej22iuZSdpJJGSmkTzEKml,รูปภาพ,,อายุการใช้งาน,0,--,70,3,0,2,0,1,61,172,,
1.22122E+17,6.15721E+13,ติดดินบินโดรน - ขายที่ดินนครนายก,#ที่ติดน้ำ #นครนายก #ที่ติดเขา,7,07/21/2026 04:00,https://www.facebook.com/reel/893675467131515/,คลิป Reels,,อายุการใช้งาน,2,--,111,17,0,5,0,10,138,275,5.67,969.605
1.22122E+17,6.15721E+13,ติดดินบินโดรน - ขายที่ดินนครนายก,"🌿 ขายที่ดินติดแม่น้ำนครนายกมีน้ำตลอดทั้งปี 🌿
📍 ตำบลสาริกา หมู่ 3  จังหวัดนครนายก

โอกาสดีสำหรับผู้ที่มองหาที่ดินทำเลสวย ริมแม่น้ำนครนายก น้ำไหลตลอดทั้งปี บรรยากาศธรรมชาติ วิวสวย เหมาะสำหรับสร้างบ้านพักตากอากาศ รีสอร์ท พูลวิลล่า หรือคาเฟ่ริมน้ำ

✨ รายละเอียด
* แบ่งขายแปลงละ 2 ไร่ มีทั้งหมด 6ไร่
* ราคา ไร่ละ 4 ล้านบาท
* ที่ดินติดแม่น้ำนครนายก น้ำมีตลอดปี
* ทำเลสวย มีเพื่อนบ้าน บรรยากาศเงียบสงบ อากาศดี
โทร 094-887-4343 (คุณพลอย)
096-321-6888 (คุณซุง)",0,07/19/2026 20:28,https://www.facebook.com/tiddinnyk/posts/pfbid01G8PrUcGN8n6RPK48hgxkfZTAjsLWSNhd3xWTTdhtc8BK3cQSPqjrTHFTCEfotL7l,รูปภาพ,,อายุการใช้งาน,0,--,84,2,0,1,0,1,72,199,,
1.22122E+17,6.15721E+13,ติดดินบินโดรน - ขายที่ดินนครนายก,"แค่วิวก็สุดคุ้ม
🌹ท่านใดที่มีความฝันอยากมีบ้านสวนยามเกษียณ หรืออยากมีรีสอร์ท พูลวิลล่า วิวเขาสวยๆ  360 องศา แถมหน้าฝนจะเห็นทะเลหมอก บนยอดเขา นั่งหน้าบ้าน เห็นน้ำตกเขาน้ำโจร
🌺ปัจจุบันเจ้าของเดิม ทำเป็นบ้านสวนยามเกษียณ ปลูกต้นไม้มีทั้งผลไม้และไม้ป่า
🌺ทำเลอยู่ใกล้แหล่งท่องเที่ยว มีเพื่อนบ้าน ไม่เปลี่ยว เงียบสงบ
📌พิกัด ตำบลเขาพระ อำเภอเมืองนครนายก

⛳เนื้อที่ 2 ไร่(2 โฉนด)
⛳ขายยกแปลง 6.5 ล้าน
⛳ด้านหน้าติดถนนลาดยาง
⛳โฉนดครุฑแดงพร้อมโอนกรรมสิทธิ์

✅ภายในแปลง
✅บ้าน 1 หลัง 1 ห้องนอน 1 ห้องน้ำ 1 ห้องรับแขก1 ครัวไทยและระเบียงหน้าบ้าน
โรงรถจอดได้ 2 คัน
🌺แอร์18,000 BTU 2 ตัว ปั๊มน้ำมิตซู 1 ตัว
🌺ถังเก็บน้ำสำรอง 1,000 ลิตร เครื่องทำน้ำอุ่น 1 เครื่อง
🌺WiFi บ้าน AIS กล้องวงจรปิด 1 จุด
🌺บ่อน้ำ 1 บ่อพร้อมปั๊มน้ำเดินท่อน้ำทั่วแปลง
🌳มีต้นไม้ป่า ยางนา กว่า100 ต้น
🌳มะพร้าวน้ำหอม 22 ต้น
🌳ทุเรียน 5 ต้น
🌳เงาะ 8 ต้น
🌳กระท้อน 2 ต้น
🌳มังคุด 2 ต้น
🌳มะยงชิดและมะปรางหวาน 7 ต้น
🌳ลิ้นจี่ 4 ต้น
🌳อะโวคาโด 3 ต้น
🌳มะกอกน้ำ 3 ต้น
🌳ขนุน 2 ต้น
🌳มะม่วง 7 ต้น
🌳ลองกอง 1 ต้น
🌳ยางนา ตะเคียนทอง พยอมประมาณ 120 ต้น
🌳บุหงาส่าหรี 4 ต้น
🌳หอมเจ็ดชั้น 6 ต้น
🌳ทองหลางใบลาย 3 ต้น
🌳ใบเขียว 10 ต้น
🌳ผักติ้ว 12 ต้น
🌳เสม็ด 3 ต้น
🌳และมีพืชผักสวนครัวเช่นข่าตะไคร้ มะนาว

🚘สถานที่ใกล้เคียง
🚗วัดสมบูรณ์สามัคคี
🚗นาต่าย
🚗อ่างเก็บน้ำห้วยปรือ
🚗อ่างเก็บน้ำทรายทอง
🚗น้ำตกลานรัก
🚗ภูตะลึง cafe
🚗ศูนย์พักพิงสัตว์ป่า
🚗น้ำตกเขาน้ำโจน
🚗สวนสยามการเกษตรไดโนเสาร์

โทร 094-887-4343 คุณพลอย
096-321-6888 คุณซุง",0,07/16/2026 21:08,https://www.facebook.com/tiddinnyk/posts/pfbid02VvJefrmviS2zNyqtvcQ78peKbD7e7KN6pet2JZYHb9at4bkznHX5Jgc55V1svG1jl,รูปภาพ,,อายุการใช้งาน,0,--,91,2,0,1,0,1,78,214,,
1.22122E+17,6.15721E+13,ติดดินบินโดรน - ขายที่ดินนครนายก,"ขายที่ดินใกล้จรป เขาน้อย
💚สามารถยื่นกู้ธนาคารได้เต็มจำนวน
 ที่ดินถมแล้ว ล้อมรั้วคอกม้า น้ำประปา ไฟฟ้าพร้อม ใกล้เมือง แหล่งความเจริญ ใกล้ถนนบายพาส  ใกล้แหล่งท่องเที่ยว เดินทางสะดวก
 
📌พิกัด ตำบลพรหมมณี อำเภอเมือง นครนายก

💜มีเพียง 6 แปลง
🩷เนื้อที่ 138.9 ตรว. 1 แปลง
🧡เนื้อที่ 200 ตรว. 4 แปลง
💙เนื้อที่240.2 ตรว. 1 แปลง
✅เพียงตรว.ละ 7,900 บาท

🚘สถานที่ใกล้เคียง
🚗โรงเรียนนายร้อยจปร 2 กม.
🚗โรงพยาบาลโรงเรียนนายร้อย จปร. 2กม.
🚗สนามกอล์ฟ จปร. 2 กม.
🚗โรงพยาบาลนครนายก 6 กม.
🚗โรงถ่ายละครไทยรัฐ 0.3 กม.
🚗วัดมณีวงศ์ 12 กม.
🚗อุทยานพระพิฆเนศ 11 กม.
🚗น้ำตกสาริกา 20 กม.
🚗เขื่อนขุนด่านปราการชล 24 กม.
 
โทร 094-887-4343 (คุณพลอย)
096-321-6888 (คุณซุง)",0,07/16/2026 21:06,https://www.facebook.com/tiddinnyk/posts/pfbid02JDg3MiVVfgVRJ6mtY3kXYJYXygq9hD4dajHDyxLXk3Y58uJD9qJPG8d6txUJC84il,รูปภาพ,,อายุการใช้งาน,0,--,86,2,0,1,0,1,71,176,,
1.22122E+17,6.15721E+13,ติดดินบินโดรน - ขายที่ดินนครนายก,"🌳ที่ดินติดคลองน้ำลำธารเขาใหญ่
จ.นครนายก ใกล้กรุงเทพฯ🌿
   
👉 ที่ดินทำเลดี ติดถนนลาดยาง 
ติดคลองน้ำลำธารยาวกว่า 100 เมตร

 😎 เหมาะกับปลูกบ้านสวน 
🏕️ทำแคมป์ปิ้ง รีสอร์ททางขึ้นเขาใหญ่ 
🍦🍹⛱️ทำร้านอาหารริมน้ำ

⛳️ ใกล้แหล่งท่องเที่ยวเดินทางไม่ไกล🚗
👉 เดินทางจาก กทม. 130 กม.  
👉 ห่างเมืองนครนายก 25 กม. 
👉 ห่างเขื่อนขุนด่านฯ น้ำตกวังตะไคร้ 
       น้ำตกสาริกา 25 กม.
👉 ห่างจุดทางขึ้นเขาใหญ่ 7 กม. 

แบ่งขายขนาดที่ดิน  1 ไร่ 2 งาน 
👍 ราคาไร่ละ 2.6 ล้านบาท

ราคาต่อรองได้
🎯 ต.นาหินลาด อ.ปากพลี จ.นครนายก 

ติดต่อ 094-887-4343 คุณพลอย
096-321-6888 คุณซุง",0,07/16/2026 21:04,https://www.facebook.com/tiddinnyk/posts/pfbid0w4v6suv1T7TGjtyAAoZAN1EpXbMwwVdM8JAyfgtPGnW8dFxuMqdvDWibomyMQZXFl,รูปภาพ,,อายุการใช้งาน,0,--,350,3,0,2,0,1,308,455,,
1.22122E+17,6.15721E+13,ติดดินบินโดรน - ขายที่ดินนครนายก,"🌿เมืองธรรมชาติ ในฝันใกล้กรุงเทพฯ 🌿
📣ที่ดินติดแก่งน้ำไหลแม่น้ำนครนายก
       ต.สาริกา อ.เมือง  จ.นครนายก 
      👉น้ำไหลตลอดทั้งปี 
     🌳มีต้นไม้ใหญ่ร่มรื่น
      เป็นแก่งน้ำไหลที่ลงเล่นได้ 

🏕️เหมาะกับทำบ้านพักตากอากาศ 
      แคมป์ปิ้งริมน้ำ 
🌟ปะปา ไฟฟ้าพร้อม 

👍ขนาดที่ดินพร้อมที่งอก 
     รวมเนื้อที่ 1ไร่ 2  งาน 
     ยกแปลง 5 ล้านบาท
(โฉนดครุฑแดง🌺)

ติดต่อ  094-887-4343 คุณพลอย
096-321-6888 คุณซุง",0,07/16/2026 20:55,https://www.facebook.com/tiddinnyk/posts/pfbid02zA8RA2tudsNnWDosSmj4oASLT3ZzfVMEUp3UWjpNRUUg5NysJttVijBipmxJxt3Hl,รูปภาพ,,อายุการใช้งาน,0,--,79,2,0,1,0,1,69,182,,
1.22122E+17,6.15721E+13,ติดดินบินโดรน - ขายที่ดินนครนายก,"เจ้าของขายเอง🛑
🏞️ ที่ดิน เขาเพิ่ม บ้านนา นครนายก 
🌾21 ไร่ 2 งาน 61 ตารางวา      🌾โฉนดครุฑแดง 
🌾เหมาะแก่ทำการเกษตรทั่วไป 🌾ติดคลอง ติดถนนคอนกรีต
🌾ใกล้ถนนใหญ่เส้น บ้านนา-   แก่งคอย  
🌾 ขายยกแปลง(ไม่ขายแยก )
📣 1 ล้าน ต่อไร่  
🛑ราคาต่อลองได้เยอะคุยได้คะ

🛑🛑ระแวกใกล้เคียง🛑🛑
🛣️ ปั๊มปตท หนองเคี่ยม ถนน   บ้านนา-แก่งคอย 
🛣️ ตลาดคลองไทร วิหารแดง 
🛣️ ตลาดสดบ้านนา
🛣️ ใกล้ 7-11 
🛣️ ใกล้สถานที่ท่องเที่ยวน้ำตกบึงไม้ น้ำตกกะอาง น้ำตกโกรกอีดก 
เป็นต้น 

โอนฟรี  ติดต่อ 094-887-4343 คุณพลอย
096-321-6888 คุณซุง",0,07/16/2026 20:54,https://www.facebook.com/tiddinnyk/posts/pfbid0N8HVH1BonizwPHXgFEipA5qdVh7Ln72aN1yfwBNif87SSbv2NCTScr4YyMfAK483l,รูปภาพ,,อายุการใช้งาน,0,--,75,1,0,0,0,1,64,159,,
1.22122E+17,6.15721E+13,ติดดินบินโดรน - ขายที่ดินนครนายก,"🌿 **ที่ดินวิวเขา ""เขาพระ"" นครนายก** ⛰️
ใครกำลังมองหาที่ดินบรรยากาศดี วิวภูเขาสวย ๆ ราคาเข้าถึงง่าย…แปลงนี้ไม่ควรพลาด

📍 ทำเล ต.เขาพระ หมู่ 11 อ.เมือง จ.นครนายก
💚 ห่างอ่างเก็บน้ำห้วยปรือเพียง **1.1 กม.**
วิวภูเขาสวย รายล้อมด้วยธรรมชาติ
บรรยากาศเงียบสงบ อากาศดีตลอดปี
เหมาะสร้างพูลวิลล่า รีสอร์ต บ้านพักตากอากาศ หรือซื้อเก็บเพื่อลงทุน

🌿 ใกล้แหล่งท่องเที่ยวชื่อดัง
• อ่างเก็บน้ำห้วยปรือ
• อ่างเก็บน้ำคลองโบสถ์
• อ่างเก็บน้ำทรายทอง
• ภูตะลึงคาเฟ่ และสถานที่ท่องเที่ยวอีกมากมาย

ขนาดเนื้อที่ 2 ไร่ 3 งาน 63 ตร.วา
*ขายราคาเพียงไร่ละ 1.8 ล้านบาท*
(เฉลี่ยเพียง **ตารางวาละ 4,500 บาท**)

โทร 094-887-4343 (คุณพลอย)
096-321-6888(คุณซุง)",0,07/16/2026 20:53,https://www.facebook.com/tiddinnyk/posts/pfbid02Aqa1L2HrczVHh9StbKYYdMadZ6vkEuaevrxJyGscXbV96uKe9J7ZK8cNFP5oLpRAl,รูปภาพ,,อายุการใช้งาน,0,--,65,1,0,0,0,1,56,122,,
1.22122E+17,6.15721E+13,ติดดินบินโดรน - ขายที่ดินนครนายก,"‼️ที่ดินแปลงสวยๆมาแล้วจ้า 100ตรว.ราคาจัดโปรลดทันที1แสน จาก4.9แสนลดเหลือ3.9แสน 
ที่ดินแปลงสวยๆใกล้ ปั้มพีที 
✅ห่างถนนเส้นสุวรรณศรบ้านนานครนายก 1.6โล 
✅โรงพยาบาลบ้านนา 11โล
✅ตลาดสดบ้านนา10 โล
✅ตัวเมืองนครนายก12โล
✅น้ำตกสาริกา26โล
✅ฟิวเจอร์ปารค74 โล
✅เขื่อนขุนด่าน30กิโล
✅อบต.พรมมณี 6.7โล
✅ภูตะลึงคาเฟ่18 โล
✅อ่างเก็บห้วยปรือ23 กิโล
ที่ดินตั้งอยู่ ต.พรมมณี อ.เมือง จ.นครนายก 

สนใจโทร 094-887-4343 (คุณพลอย)
096-321-6888(คุณซุง)",0,07/16/2026 20:52,https://www.facebook.com/tiddinnyk/posts/pfbid0te9LSg4WnM4Y5NZgkcMB7ZYkHDyNJj9suudpaY2wrzgavej2a3M2d5RrsCXpVBgLl,รูปภาพ,,อายุการใช้งาน,0,--,64,1,0,0,0,1,55,101,,
1.22122E+17,6.15721E+13,ติดดินบินโดรน - ขายที่ดินนครนายก,"ที่ดินทำเลทองพรมมณี
100ตรว.เพียง390,000บาท ผ่อนได้36งวด‼️ 
และมี 200ตรว 950,000 ถมแล้ว พร้อมโอน
ที่ฉโนดครุฒแดงน้ำไฟพร้อม ใกล้โรงเรียนนายร้อย จปร.มีเพื่อนบ้าน ใกล้ตลาด ใกล้ร้านค้า เดินทางสะดวกสบายถนนกว้าง7 เมตร 
ตั้งอยู่ ต.พรมมณี อ.เมือง นครนายก 
สนใจโทร094-887-4343(คุณพลอย)
096-321-6888 (คุณซุง)",0,07/16/2026 20:48,https://www.facebook.com/tiddinnyk/posts/pfbid0vrMfrc7vh3dT6PAZi356uaQgRJGmjYMNMVqkqbKB4gxPGXF1mqpG5AcdZpuAE8qdl,รูปภาพ,,อายุการใช้งาน,0,--,63,1,0,0,0,1,54,97,,
1.22122E+17,6.15721E+13,ติดดินบินโดรน - ขายที่ดินนครนายก,"ขายที่ดินแปลงสวย วังกระโจม เอาใจสายผ่อนเริ่มต้น
100ตรว. 390,000บาท

🌄 สูงจากระดับน้ำทะเล 10 เมตร
🌄 ที่ดินรูปแปลงสวย สภาพทุ่งนา มองเห็นวิวเขา 
ไฟฟ้าผ่านหน้าแปลง

100 ตรว. = 390,000 บาท
รวมค่าโอนและภาษี💸
เอกสารสิทธิ์เป็นโฉนดครุฑแดง

แปลงเงินสด (คุยเรื่องการชำระได้)
1ไร่1,030,000บาท
1ไร่200ตรว. 1,545,000บาท

📍 สถานที่ใกล้เคียง 📍
- ตลาดสดนครนายก 3.2 กม.
- สถานีตำรวจภูธรเมืองนครนายก 3.4 กม.
- โรงพยาบาลนครนายก 3.7 กม.
- PTT Station ปตท.แยกสามสาว (น้ำมัน+EV) 5.2 กม.
- ฟิวเจอร์พาร์ค และ สเปลล์ 75 กม.

☎️ สนใจนัดเข้าชมพื้นที่หรือสอบถามข้อมูลเพิ่มเติมโทร 
📞 โทร: 094-887-4343 (คุณพลอย)
096-321-6888 (คุณซุง)
#รับขายฝาก #ขายฝากที่ดินนครนายก #ที่ดินนครนายก",0,07/16/2026 20:47,https://www.facebook.com/tiddinnyk/posts/pfbid0u9juBbbSNZaFYKVqb2iFz7Yk3D2dJqinqdy8GSWvBWFthjEwve2odSV6TqtmpeUAl,รูปภาพ,,อายุการใช้งาน,0,--,61,11,0,0,0,11,49,98,,
1.22122E+17,6.15721E+13,ติดดินบินโดรน - ขายที่ดินนครนายก,"🌳ที่ดินติดลำธารน้ำตกวิวเขาใหญ่ จ.นครนายก ใกล้กรุงเทพฯ🌿

💥 ติดลำธารน้ำตก ใกล้เขาใหญ่
 📣 3 แปลงสุดท้ายที่สวยสุดๆ 

🔥 พลาดไม่ได้กับลำธารน้ำเขียวมรกต 
ความร่มรื่นของต้นไม้ใหญ่ 🌳🌳🌳

💥โฉนดครุฑแดงรวมค่าโอน ค่าภาษี 

⛳️ ใกล้แหล่งท่องเที่ยวเดินทางไม่ไกล🚗
👉 เดินทางจาก กทม. 130 กม.  
👉 ห่างเมืองนครนายก 25 กม. 
👉 ห่างเขื่อนขุนด่านฯ น้ำตกวังตะไคร้ 
       น้ำตกสาริกา 25 กม.
👉 ห่างจุดทางขึ้นเขาใหญ่ 7 กม. 

แบ่งขายขนาดที่ดิน  1 ไร่ 2 งาน 
👍 ราคาไร่ละ 2.2 ล้านบาท
ราคาต่อรองได้ครับ 
🎯 ต.นาหินลาด อ.ปากพลี จ.นครนายก 

สนใจติดต่อ 

โทร :096-321-6888 ซุง

แอพเขียว : mrsungz

รับชมที่ดินเพิ่มเติม : ติดดินบินโดรน 👈🏻",0,07/15/2026 03:12,https://www.facebook.com/tiddinnyk/posts/pfbid07iPdHnSp3kCW6Zp6QFhzvy7mkBgqHbJQof37WykLfWx94RzHhekizcJLZKxeFfcul,รูปภาพ,,อายุการใช้งาน,0,--,75,2,0,0,1,1,63,179,,
1.22121E+17,6.15721E+13,ติดดินบินโดรน - ขายที่ดินนครนายก,"🌿 รีสอร์ทติดลำธารน้ำใส พร้อมดำเนินกิจการได้ทันที 🌊

📍 ต.สาริกา อ.เมือง จ.นครนายก

💰 ขายยกแปลงเพียง 6,500,000 บาท

📐 เนื้อที่ 200 ตร.วา
📜 โฉนดครุฑแดง พร้อมโอน

🏡 บ้านพัก 5 หลัง พร้อมห้องน้ำ ห้องครัว แอร์ ตู้เย็น และทีวีครบทุกหลัง

🏊‍♂️ สระว่ายน้ำขนาดใหญ่

🌊 ติดลำธารน้ำใส ลงเล่นน้ำได้

⚡💧 น้ำ–ไฟพร้อม

✨ เหมาะทำรีสอร์ท พูลวิลล่า บ้านพักตากอากาศ หรือแคมป์ปิ้งริมน้ำ

📍 ทำเลสาริกา ใกล้แหล่งท่องเที่ยว เดินทางสะดวก บรรยากาศธรรมชาติ เหมาะทั้งพักผ่อนและลงทุน

📞 096-321-6888 (ซุง)

📱 Line ID: mrsungz

🔗 https://line.me/ti/p/VbC9xinX7H

📘 เพจ: ติดดินบินโดน",0,7/12/2026 20:28,https://www.facebook.com/tiddinnyk/posts/pfbid0VS29zbCThc2zz8QYbUDaT498BGJET2CzYRweuMpDdX1tczy347Dpr39W7E57wF57l,รูปภาพ,,อายุการใช้งาน,0,--,95,3,0,1,1,1,79,223,,
1.22121E+17,6.15721E+13,ติดดินบินโดรน - ขายที่ดินนครนายก,"🌿 ที่ดินแปลงใหญ่ ทำเลดี อ.ปากพลี จ.นครนายก 🌿

📍 โอกาสดีสำหรับคนมองหาที่ดินเพื่อการลงทุน ทำเกษตร บ้านสวน หรือโครงการต่าง ๆ

💰 ราคาเพียง 1,000,000 บาท/ไร่
📐 เนื้อที่รวม 9 ไร่

✨ จุดเด่น
✅ ติดทางสาธารณะ เดินทางสะดวก
✅ ติดรางระบายน้ำ
✅ บรรยากาศดี พื้นที่กว้าง
✅ เหมาะทำบ้านสวน ฟาร์ม คาเฟ่ รีสอร์ท หรือซื้อเก็บลงทุน

📍 ที่ตั้ง : อ.ปากพลี จ.นครนายก

🌳 ที่ดินทำเลดี ใช้งานได้หลากหลาย เดินทางเข้า-ออกสะดวก พร้อมต่อยอดได้ในอนาคต

📞 โทร : 096-321-6888
💬 Line ID : mrsungz
📌 Facebook : ติดดินบินโดน

สนใจสอบถามรายละเอียดเพิ่มเติม หรือนัดเข้าชมพื้นที่ ติดต่อได้เลยครับ",0,7/12/2026 20:25,https://www.facebook.com/tiddinnyk/posts/pfbid02NMwE6MGaErnKyKHXCzMicMGxtmTsm6hAtmad5ADo7AvMcsYMUwM9ujYq9F9DEcbFl,รูปภาพ,,อายุการใช้งาน,0,--,90,2,0,1,0,1,78,199,,
1.22121E+17,6.15721E+13,ติดดินบินโดรน - ขายที่ดินนครนายก,"🏔 ขายที่ดินเขาใหญ่ ปากช่อง ทำเลหายาก วิวหลักล้าน
📍 ตรงข้าม Toscana Valley

ติดถนนใหญ่ แปลงสวย หน้ากว้าง ทำเลพรีเมียมสุดๆ
📐 เนื้อที่รวม 10 ไร่ แบ่งขายได้
💰 ราคา ไร่ละ 6.5 ล้านบาท
👉 ขายยกแปลง 65 ล้านบาท  / เหมาะลงทุนระยะยาว

✨ จุดเด่น
 • วิวเขาสวย บรรยากาศเขาใหญ่แท้
 • ติดถนน เดินทางสะดวก
 • ทำเลนักท่องเที่ยว-โครงการหรู
 • เหมาะทำรีสอร์ต โรงแรม คาเฟ่ หรือบ้านพักตากอากาศ
📍 พิกัด: อ.ปากช่อง จ.นครราชสีมา

สอบถาม/นัดดูที่
📞 โทร: 094-887-4343 (คุณพลอย)",0,7/12/2026 7:46,https://www.facebook.com/tiddinnyk/posts/pfbid02nhhFcEjBGzttVZ7gKegvSX7FpytWLQHtPhajisZgjNfwAUmZNuDtUMeSG9ZXJML9l,รูปภาพ,,อายุการใช้งาน,0,--,86,2,0,1,0,1,75,163,,
1.22121E+17,6.15721E+13,ติดดินบินโดรน - ขายที่ดินนครนายก,"โปรโมชั่นพิเศษ ลด 100,000 บาท แค่ 4 แปลงเท่านั้น 📢
🌄 ที่ดินวิวเขา ใกล้ My Ozone Khao Yai
💰 เริ่มต้น 1.78 ล้านบาท 📍 ขนาดเริ่มต้น 200 ตร.ว. ✅ ถนนคอนกรีต6เมตร ✅ น้ำ-ไฟพร้อม ✅ ติดถนนสาธารณะ8เมตร เหมาะสร้างบ้านพักตากอากาศ ลงทุน หรือพูลวิลล่า
สนใจโทร 094-887-4343พลอย",0,7/12/2026 7:45,https://www.facebook.com/tiddinnyk/posts/pfbid0JV5CNHAnAF39wne8yv25cYPaoU6WSTtZBuSi7xo5nBGadtXoV2FoUbp8LLu3GvFyl,รูปภาพ,,อายุการใช้งาน,0,--,75,1,0,0,0,1,66,149,,
1.22121E+17,6.15721E+13,ติดดินบินโดรน - ขายที่ดินนครนายก,"ใครมองหาที่ดินวิวเขาล้อมอลังการ สาธารณูปโภคครบ พร้อมสร้างที่อยู่อาศัย หาไม่ได้ง่าย ๆ อีกแล้วนะคะ

✨ Elite Zone B – วิวเขา + ติดคลอง  (เหลือแปลง B3 B4 B6 B7 B9) แปลงติดน้ำเหลือ B9
• ราคาเริ่มต้น 6,600 บ./ตร.วา
• ขนาดเริ่มต้น 400 ตร.วา
B6ราคาเริ่มต้นเพียง ไร่ละ 2.8ล้านบาท ติดถนนสองฝั่ง ลด2แสน เหลือ 2.6ล้านเท่านั้น‼️
📏 สูง 405 ม. เหนือระดับน้ำทะเล น้ำไม่ท่วมแน่นอน
✅ ถนนคอนกรีตกว้าง 12 ม. & 8 ม. 
ไฟฟ้า 3 เฟส + น้ำโครงการ รั้วคาวบอยรอบแปลง
✅ ฟรี! ค่าโอนกรรมสิทธิ์
📍 ทำเลทอง ใกล้เมือง ใกล้ธรรมชาติ
• ครอบคลุม 2 ทำเลเด่น: คลองม่วง และ วังไทร
• อ.ปากช่อง จ.นครราชสีมา ทำเลศักยภาพสูง ทั้งอยู่อาศัยและลงทุน

สอบถาม/นัดดูที่
📞 โทร: 094-887-4343 (คุณพลอย)",0,7/12/2026 7:44,https://www.facebook.com/tiddinnyk/posts/pfbid02T4R2C1LGXKAb8mbcQeb6krHXppAd3aDrPj9X1GgWbxbrGGizsJ91HQYyegHFrS1Gl,รูปภาพ,,อายุการใช้งาน,0,--,88,2,0,1,0,1,80,181,,
1.22121E+17,6.15721E+13,ติดดินบินโดรน - ขายที่ดินนครนายก,"🔥 เหลือเพียง 2 แปลงสุดท้ายเท่านั้น! 🔥
💥 โปรพิเศษ ลดทันที 100,000 บาท/แปลง
จากราคาเริ่มต้น 2.37 ล้านบาท ตารางวาละ 14,500 บาท Bella Hill Khao Yai @ Discovery Hill
📍 ต.หนองน้ำแดง อ.ปากช่อง จ.นครราชสีมา

🌄 ที่ดินวิวเขา บรรยากาศดี เงียบสงบ
เหมาะสำหรับสร้างบ้านพักตากอากาศ หรือซื้อเก็บลงทุนในโซนเขาใหญ่

🎉 โปรลดทันที 100,000 บาท/แปลง
📌 แปลงคงเหลือ
🏡 A5 ขนาด 0-2-09 ไร่
🏡 A6 ขนาด 0-2-04 ไร่

✨ จุดเด่นโครงการ
✅ วิวภูเขาสวย อากาศดีตลอดปี
✅ ถนนลาดยางกว้าง 6 เมตร
✅ น้ำ–ไฟ พร้อมใช้งาน
✅ โฉนดครุฑแดง พร้อมโอน
✅ ฟรีค่าโอนกรรมสิทธิ์
✅ ไม่มีค่าส่วนกลาง

📍 เดินทางสะดวก ใกล้ถนนธนะรัชต์ เขาใหญ่
ทำเลดีแบบนี้ แปลงสวยเหลือน้อยมากแล้วจริง ๆ

📞 โทร : 094-8874343 (คุณพลอย) แอดไลน์เบอร์นี้ได้ค่ะ

#ที่ดินเขาใหญ่ #ที่ดินปากช่อง #ที่ดินวิวเขา
#ที่ดินพร้อมสร้าง #ที่ดินวิวสวย #อสังหาริมทรัพย์",0,7/12/2026 7:43,https://www.facebook.com/tiddinnyk/posts/pfbid02bKC6QW6EVm9cDTcicZ2EgBXgYD1CXnn8R18W9Y52eQ5GPTzGYEbZ7aVA68K2dcHul,รูปภาพ,,อายุการใช้งาน,0,--,65,1,0,0,0,1,56,124,,
1.22121E+17,6.15721E+13,ติดดินบินโดรน - ขายที่ดินนครนายก,"🌄 ที่ดินวิวเขาเขาใหญ่ ขนาด 164–200 ตร.ว.แค่ 5 แปลงเท่านั้น
💰 ราคาเริ่มต้นเพียง 1.23 ล้านบาท
       ตรว.ละ7500บาท 200ตรว.ราคา1.5ล้าน
📍 ต.คลองม่วง อ.ปากช่อง จ.นครราชสีมา
⛰️ สูงจากระดับน้ำทะเล 430 เมตร อากาศดีตลอดปี

✨ เหลือเพียง 5 แปลงเท่านั้น
จุดเด่นที่ไม่ควรพลาด
✅ วิวภูเขา 180° ทุกแปลง
✅ โฉนดครุฑแดง พร้อมโอน
✅ น้ำ-ไฟ พร้อมสร้างบ้านได้ทันที
✅ ถนนลาดยาง เข้า-ออกสะดวก
✅ ห่างถนน 3060 เพียง 1 กม.
✅ ใกล้ร้านค้า 7-Eleven และชุมชน
🎁 ฟรีค่าโอน + แถมรั้วคาวบอย

📞 094-887-4343 (พลอย) แอดไลน์เบอร์นี้ได้ค่ะ

#ที่ดินเขาใหญ่ #ที่ดินวิวเขา #ที่ดินปากช่อง #ที่ดินคลองม่วง #ที่ดินสร้างบ้าน #ลงทุนอสังหา",0,7/12/2026 7:42,https://www.facebook.com/tiddinnyk/posts/pfbid0bw1mSCYUS95MYB9YfN8KD6XUNp4rwa62CKJrCApCn9XrKYzRzqvsJ8sADmYmZYDWl,รูปภาพ,,อายุการใช้งาน,0,--,57,1,0,0,0,1,50,100,,
1.22121E+17,6.15721E+13,ติดดินบินโดรน - ขายที่ดินนครนายก,"✅ที่ดินแปลงสวยๆมาแล้วจ้า ✅100ตรว.ราคาจัดโปรลดทันที1แสน จาก4.9แสนลดเหลือ3.9แสน 
ที่ดินแปลงสวยๆใกล้ ปั้มพีที ✅เส้นสุวรรณศรเพียงโล1.6โล 
✅โรงพยาบาลบ้านนา 11โล
✅ตลาดสดบ้านนา10 โล
✅ตัวเมืองนครนายก12โล
✅น้ำตกสาริกา26โล
✅ฟิวเจอร์ปารค74 โล
✅เขื่อนขุนด่าน30กิโล
✅อบต.พรมมณี 6.7โล
✅ภูตะลึงคาเฟ่18 โล
✅อ่างเก็บห้วยปรือ23 กิโล
✅ที่ดินตั้งอยู่ ต.พรมมณี อ.เมือง จ.นครนายก 

สนใจโทร 094-887-4343 (คุณพลอย)
096-321-6888 (ซุง)",0,7/12/2026 5:42,https://www.facebook.com/tiddinnyk/posts/pfbid03wKJFhj7R5aAFqQE7VtBdpsEu9BWCR88KUxrHvFDR7PJAKhRerafYPrmRngStc8wl,รูปภาพ,,อายุการใช้งาน,0,--,55,1,0,0,0,1,48,100,,
1.22121E+17,6.15721E+13,ติดดินบินโดรน - ขายที่ดินนครนายก,"📌 ขายบ้านสวนวิวภูเขา เนื้อที่ 2 ไร่ 3 งาน 78 ตารางวา
- ตั้งอยู่ ต.เขาพระ อ.เมือง จ.นครนายก
- เอกสารสิทธิ: โฉนดครุฑแดง พร้อมโอน
.
- ภายในที่ดินมีบ้านไม้มะค่า 1 หลัง (บ้านเลขที่ 146 หมู่ 3)
- มีเครื่องปรับอากาศ 1 เครื่อง, โทรทัศน์, ตู้เย็น, ตู้เสื้อผ้า, เตียงนอน, โต๊ะเครื่องแป้ง, กล้องวงจรปิด 8 ตัว, เครื่องทำน้ำอุ่นและสุขภัณฑ์, พัดลมระบายอากาศ, ติดผ้าม่านใหม่ทั้งหลัง, ติดตั้ง Wi-Fi อินเตอร์เน็ตให้
- ขนาด 1 ห้องนอน, 1 ห้องน้ำ, 1 ห้องนั่งเล่น, 1 ห้องครัว, โรงจอดรถ, พื้นที่เก็บของการเกษตร 1 หลัง, ศาลาพักผ่อน 1 หลัง
- ภายในสวนปลูกต้น ทุเรียน 60 ต้น, ต้นกระท้อน, ต้นขนุน, ต้นมะพร้าว, ต้นอินทผลัม, ต้นน้อยหน่า, ต้นลำใย, ต้นมะม่วงน้ำดอกไม้, ต้นแก้วขมิ้น, ต้นมะยงชิด, ต้นฝรั่ง, ต้นไม้ประธาน, ต้นหูกระจง, ต้นบุญนาค, ต้นสัก, ต้นประดู่, ต้นไทรเกาหลี
- ติดสปริงเกอร์รดน้ำต้นไม้รอบสวน + มีคนดูแลสวนให้ตลอดปี
- มีบ่อน้ำ 1 บ่อขนาด 12 × 12 ลึก 2 เมตร, มีบ่อน้ำซึม 1 บ่อ, ติดแผงโซล่าเซลล์บริเวณรั้วทั้ง 4 ด้าน
- ล้อมรั้วคอนกรีตรอบพื้นที่
- ที่ดินอยู่ติดภูเขา มองเห็นวิวภูเขาชัดเจน
- มีน้ำประปา มีไฟฟ้าพร้อม
- ด้านหน้าที่ดินอยู่ติดถนนสาธารณประโยชน์
- บรรยากาศดี อยู่ใกล้แหล่งชุมชน อยู่ใกล้แหล่งท่องเที่ยว
.
- ที่ดินอยู่ห่างจักรดาวรีสอร์ท 2.5 กิโลเมตร
- ห่างวัดสันตยาราม 4.7 กิโลเมตร
- ห่างวัดเขาพระ 4.8 กิโลเมตร
- ห่างวัดเขาทุเรียน 5.7 กิโลเมตร
- ห่างภูตะลึงคาเฟ่ 6.2 กิโลเมตร
- ห่างวัดสมบูรณ์สามัคคี 9.8 กิโลเมตร
- ห่างอ่างเก็บน้ำห้วยปรือ 11 กิโลเมตร
- ใกล้โรงเรียน, สถานที่ราชการ
- ใกล้รีสอร์ท, ร้านอาหาร, ร้านสะดวกซื้อ
- มีเพื่อนบ้านใกล้เคียง
.
- 🔥 ขายราคารวมทั้งหมด 6,500,000 บาท 🔥
- ภาษีค่าโอนที่ดิน ทางผู้ขายเป็นผู้ออกค่าใช้จ่ายทั้งหมด ค่ะ
- หากต้องการขอสินเชื่อ พาดำเนินการให้ทุกขั้นตอนค่ะ

โทร 094-887-4343 คุณพลอย

096-321-6888 (คุณซุง)",0,7/12/2026 5:39,https://www.facebook.com/tiddinnyk/posts/pfbid02fpkUDtgTwZQ2bDq76JLbL3r4ebrRAfxwTQoG33T7R1zV7X5ZCsKKWKRyRkPw7b4Sl,รูปภาพ,,อายุการใช้งาน,0,--,153,5,0,3,0,3,137,290,,
1.22121E+17,6.15721E+13,ติดดินบินโดรน - ขายที่ดินนครนายก,"ปิดการขายเรียบร้อยนะครับ สำหรับแปลงศรีนาวาของเรา 🎉

ขอบคุณนายหน้าคนสวยของเรา พี่ปู ปู แสงจันทร์

ใครที่กำลังมองหาที่ในนครนายก ติดเขา ติดน้ำ บ้านเดี่ยว บ้านสวน หรือขายฝาก พวกเรายินดีรับใช้บริการนะครับ 😊🙏🏻🎉",0,7/12/2026 0:08,https://www.facebook.com/tiddinnyk/posts/pfbid02FiXtB8ov2NyFGdzUWrZb5fr7iXy1RD2BmF4i7rGGQxG59KAP1WhDvt7JYuxNBMPhl,รูปภาพ,,อายุการใช้งาน,4,--,159,13,0,7,0,2,149,309,,
1.22121E+17,6.15721E+13,ติดดินบินโดรน - ขายที่ดินนครนายก,,0,7/9/2026 1:35,https://www.facebook.com/tiddinnyk/posts/pfbid02PtcZVgUUEgFUNGHEp3W5ZfzFogFwazW7exgZ4Nz9ao7mGrWNKDC95apq4fQHdZS8l,เนื้อหา,,อายุการใช้งาน,0,--,68,1,0,1,0,0,57,181,,
1.22121E+17,6.15721E+13,ติดดินบินโดรน - ขายที่ดินนครนายก,"❤️ที่ดินแปลงเล็กติดแม่น้ำนครนายก❤️

🌊 ที่ดินติดแม่น้ำนครนายก แปลงสวย บรรยากาศธรรมชาติ หายากกว่าที่คิด 🏡

📍 ต.หินตั้ง อ.เมือง จ.นครนายก

📐 เนื้อที่ 1 ไร่ 2 งาน 55 ตร.วา

💰 เพียง 10,500 บาท/ตร.วา

📜 โฉนดครุฑแดง พร้อมโอน

🎉 ฟรีค่าโอนกรรมสิทธิ์

ลองจินตนาการถึงบ้านพักริมแม่น้ำ ที่เปิดหน้าต่างทุกเช้าก็ได้ยินเสียงน้ำไหล สูดอากาศบริสุทธิ์ และใช้ชีวิตท่ามกลางธรรมชาติ แต่ยังเดินทางเข้าเมืองได้สะดวก…

แปลงนี้ตอบโจทย์ทั้งการอยู่อาศัยและการลงทุนในอนาคต

✨ จุดเด่นของที่ดิน

🌊 ติดแม่น้ำนครนายก น้ำไหลตลอดปี

🌿 บรรยากาศร่มรื่น เป็นธรรมชาติ

🚗 ถนนเข้าออกสะดวก เดินทางง่าย

🏡 เหมาะสร้างบ้านพักตากอากาศ บ้านริมแม่น้ำ พูลวิลล่า คาเฟ่ หรือรีสอร์ท

📍 ใกล้ Royal Hill

📍 ใกล้น้ำตกสาริกา

📍 ใกล้น้ำตกวังตะไคร้

📍 ใกล้เขื่อนขุนด่านปราการชล

📍 ใกล้ Makro และตลาดโรงเกลือนครนายก

✨ ที่ดินติดแม่น้ำที่มีโฉนด พร้อมทำเลดีแบบนี้ มีจำนวนไม่มาก และมักเป็นแปลงที่ได้รับความสนใจอยู่เสมอ หากกำลังมองหาพื้นที่ที่ทั้งใช้พักผ่อนและมีโอกาสเพิ่มมูลค่าในอนาคต แปลงนี้เป็นอีกตัวเลือกที่ไม่ควรมองข้าม

📞 096-321-6888 (ซุง)

📱 Line ID: mrsungz

🔗 https://line.me/ti/p/VbC9xinX7H

📘 เพจ: ติดดินบินโดน",0,7/8/2026 19:55,https://www.facebook.com/tiddinnyk/posts/pfbid0NTHfKW9hARGQKrUpMx43CAVXW8a66SC68DPhgCtJBRW8SDJSTGkfsoyLW9CxRGCUl,รูปภาพ,,อายุการใช้งาน,0,--,1969,16,0,12,2,2,1196,2119,,
1.2212E+17,6.15721E+13,ติดดินบินโดรน - ขายที่ดินนครนายก,,0,7/8/2026 1:07,https://www.facebook.com/tiddinnyk/posts/pfbid0F6GzZ58uEqKDLgSBRLjAdiqg4sUEXbGxxiduB4QqLf3buCprEn3mZJz7axJ5hsYEl,เนื้อหา,,อายุการใช้งาน,0,--,66,0,0,0,0,0,55,153,,
1.2212E+17,6.15721E+13,ติดดินบินโดรน - ขายที่ดินนครนายก,วันนี้ปิดอีกแปลง เป็นวันเริ่มต้นเดือนที่ดี ขอบพระคุณผู้ซื้อและผู้ขายนะค้าที่นำทรัพย์มาให้พลอยช่วยขาย🙏🏻☺️🎉🥰,0,7/7/2026 6:16,https://www.facebook.com/tiddinnyk/posts/pfbid02LsSYuqX4yN4Kav2ZwRG54Qxe3PyBYn2kaN7o8s2rN6vzC4VDH6NUMENaSxwqQHm2l,รูปภาพ,,อายุการใช้งาน,0,--,70,2,0,1,0,1,59,168,,
1.2212E+17,6.15721E+13,ติดดินบินโดรน - ขายที่ดินนครนายก,"🌿 ขายที่ดินแปลงสวย 5 ไร่ 1 งาน 🌿
💥 ราคาเพียง 5.9 ล้านบาท 💥
 • เดิมเป็นที่สวน ไม่ต้องถม
 • ติดถนนลาดยาง ทางขึ้นเขาใหญ่–ปราจีนบุรี
 • มีเพื่อนบ้าน ไม่เปลี่ยว
 • น้ำ–ไฟฟ้าพร้อม
 • เหมาะทำสวน บ้านพักตากอากาศ รีสอร์ต หรือเกษตรผสมผสาน
 • บรรยากาศดี ใกล้ธรรมชาติ

📍 ที่ตั้ง: ต.โคกกรวด อ.ปากพลี จ.นครนายก

สนใจติดต่อ
📞 โทร: 094-887-4343 (พลอย) 096-321-6888 คุณซุง
#รับขายฝาก #ขายฝากที่ดินนครนายก #ที่ดินนครนายก",0,7/6/2026 20:58,https://www.facebook.com/tiddinnyk/posts/pfbid0WMrtHGeFYj6R5UYaaixBs6XX9YQCexvxXh6yeHSJxD2Cg3B3uZtZkzSX9pQu5EHHl,รูปภาพ,,อายุการใช้งาน,0,--,73,2,0,1,0,1,64,175,,
1.2212E+17,6.15721E+13,ติดดินบินโดรน - ขายที่ดินนครนายก,"ขายที่ดิน เนื้อที่ 1 ไร่ ขาย 1.6 ล้าน
ใกล้รร.นายร้อย จปร.
ติดถนนคอนกรีต
มีเพื่อนบ้าน น้ำไฟ พร้อม
📌ต.พรหมณี อ.เมือง จ.นครนายก
☎️ สอบถาม 094-887-4343 คุณพลอย
096-321-6888 คุณซุง",0,7/6/2026 20:57,https://www.facebook.com/tiddinnyk/posts/pfbid0XtDGQTs2SGJ26pYNV6LnaGt3s9KDx4xdiQ7vknS6opSpp4oGRhssZHsG4tUjPS7ml,รูปภาพ,,อายุการใช้งาน,0,--,57,1,0,0,0,1,49,156,,
1.2212E+17,6.15721E+13,ติดดินบินโดรน - ขายที่ดินนครนายก,"ขายที่ดิน 1 ไร่ 1.5 ล้าน
ใกล้ปั้ม ปตท.เส้นหลัก 
ต.ศรีนาวา ประมาณ 1.5 กม.
อ.เมือง จ.นครนายก
094-887-4343 คุณพลอย
096-321-6888 คุณซุง",0,7/6/2026 20:56,https://www.facebook.com/tiddinnyk/posts/pfbid0CTvoYMHJAMa4FFNq9nX423PoKsrPaK5X3iiiHNcQC9GVsNwWB35XasU5gSopTwXsl,รูปภาพ,,อายุการใช้งาน,0,--,54,1,0,0,0,1,49,145,,
1.2212E+17,6.15721E+13,ติดดินบินโดรน - ขายที่ดินนครนายก,"ขายจ้าาา ซื้อที่ดิน วันนี้ ฟรี บ้าน 1 หลังจ้า
💥 100 ตรว.  950,000.-
ติดถนนคอนกรีต น้ำไฟ พร้อมจ้า
เข้าจากถนนเส้นหลักประมาณ 1 กม.
วิวเขา ใกล้โรงเรียนนายร้อยจปร.
มีเพื่อนบ้านค่ะ เข้าจากถนนสุวรรณศรประมาณ 1 กิโลครึ่ง ด้านหน้าแปรงติดถนนคอนกรีตค่ะ
ในตัวบ้านจะเป็น 1 ห้องนอน 1 ห้องน้ำค่ะมีระเบียงด้านหน้า
📌 ต.พรหมณี อ.เมือง นครนายก
โทร 094-887-4343 คุณพลอย",0,7/6/2026 20:55,https://www.facebook.com/tiddinnyk/posts/pfbid0fTEhHBu2V7QkpzFMsQ8P5VmCGStYYtMbgFudaMunnVCChvsX5BG1KDnriGpbohzjl,รูปภาพ,,อายุการใช้งาน,0,--,50,1,0,0,0,1,46,124,,
1.2212E+17,6.15721E+13,ติดดินบินโดรน - ขายที่ดินนครนายก,"“สาริกา–หินตั้ง” วิวเขา บรรยากาศดี 🔥

📍 ต.หินตั้ง อ.เมือง จ.นครนายก
🌿 ที่ดินสวนมะยงชิด พร้อมต่อยอดได้ทันที
⛰ บรรยากาศติดเขา ธรรมชาติล้วนๆ
🏘 มีเพื่อนบ้าน ไม่เปลี่ยว
⚡️ น้ำ–ไฟพร้อม
🚗 เข้า–ออกสะดวก
🛣 จากถนนเส้นหลักตำบลหินตั้ง เข้าเพียง ~1 กม. ถึงแปลง

📏 เนื้อที่ 2 ไร่
💰 ราคาไร่ละ 2,000,000 บาท

💥 เหมาะสำหรับ
* ทำสวนต่อ เก็บผลผลิต 🍊
* ทำบ้านสวน / บ้านพักตากอากาศ 🏡
* ลงทุนเก็บที่ดิน ทำกำไรระยะยาว 📈
⚡️ โซนนี้ราคาขึ้นต่อเนื่อง ทำเลใกล้เขาใหญ่
⚡️ แปลงสวย น้ำไฟพร้อม แบบนี้หายาก

สอบถาม/นัดดูที่
📞 โทร: 094-887-4343 (พลอย)
#รับขายฝาก #ขายฝากที่ดินนครนายก #ที่ดินนครนายก",0,7/6/2026 20:55,https://www.facebook.com/tiddinnyk/posts/pfbid02pzbw3eboG9WQtCEuXfeE55GMbJpojxZFFA8yti5fTHr6ZUwxjvghHW2Bg9TqTS7Rl,รูปภาพ,,อายุการใช้งาน,0,--,51,1,0,0,0,1,45,126,,
1.2212E+17,6.15721E+13,ติดดินบินโดรน - ขายที่ดินนครนายก,"🌿ขายที่ดินสาริกา ถมแล้ว เสาไฟ น้ำประปา เข้าแล้วจ้า ถนนโครงการ 8 เมตร 
🔥 200 ตรว. ราคาโปรถึงสิ้นเดือนกรกฎาคมนี้ ขาย 950,000 บาท
🔥เนื้อที่ 2 ไร่ 245 ตรว. ขายยกแปลง 4.9 ล้าน ที่สวนเดิม ติดคลองสวยๆ วิวเขาล้อม สวยมาก สุดซอย
ใกล้ภูตะลึง2กม. คาเฟ่ ติดเขต ต.เขาพระ อ.เมือง
ที่ดินตั้งอยู่ ต.สาริกา อ.เมือง จ.นครนายก 
สนใจโทร 094-887-4343 คุณพลอย",0,7/6/2026 20:54,https://www.facebook.com/tiddinnyk/posts/pfbid02Eh1kYgUk4ggAhjTHw7BXMLtKzo9ao8WRm5L2ruuEwivNKB5r9Vqr2w1KzVvzpVsDl,รูปภาพ,,อายุการใช้งาน,0,--,49,1,0,0,0,1,45,125,,
1.2212E+17,6.15721E+13,ติดดินบินโดรน - ขายที่ดินนครนายก,"💥เจ้าของขายเองจ้า เนื้อที่ 4 ไร่ 2 งาน ขายยกแปลง 2.5 ล้าน ราคาต่อรองได้อีกค่ะ
มีบ่อน้ำไว้ใช้ ได้เลยค่ะ น้ำไฟ เจ้าของดำเนินการให้ฟรีค่ะ บรรยากาศดี ส่วนตัวมากไม่วุ่นวาย เหมาะทำสวน บ้านพัก

📌ต.เกาะหวาย อ.ปากพลี จ.นครนายก 
สนใจนัดชม สอบถาม ☎️ 094-887-4343 คุณพลอย",0,7/6/2026 20:53,https://www.facebook.com/tiddinnyk/posts/pfbid02kuwmwhjHKex4kgtgFjtcD2myoWRCyZ4VZehKmFEMnPtEwViu7FhTQyr8LexdQ3nGl,รูปภาพ,,อายุการใช้งาน,0,--,47,1,0,0,0,1,42,134,,
1.2212E+17,6.15721E+13,ติดดินบินโดรน - ขายที่ดินนครนายก,"📌 ขายบ้านภูผาล้อม นางรอง กม.3 เนื้อที่ 45.9 ตารางวา
- ตั้งอยู่ ต.บ้านใหญ่ อ.เมือง จ.นครนายก
- เอกสารสิทธิ: โฉนดครุฑแดง พร้อมโอน
.
- เป็นบ้านปูน 2 ชั้น พร้อมเข้าอยู่
- ขนาด 3 ห้องนอน, 2 ห้องน้ำ, 1 ห้องนั่งเล่น, 1 ห้องครัว, 1 ห้องอเนกประสงค์, โรงจอดรถจอดได้ 1 คัน
- มีเครื่องปรับอากาศให้ 1 เครื่อง
- มีน้ำประปา มีไฟฟ้าพร้อม น้ำไม่ท่วม
- บ้านตั้งอยู่หัวมุม ด้านหน้าและด้านข้างบ้านอยู่ติดถนนคอนกรีต
- บ้านหัวมุมพื้นที่กว้าง มีพื้นที่ทำสวน
- มีส่วนกลางของหมู่บ้าน/สวนหย่อมหน้าบ้าน
- บรรยากาศดี มีเพื่อนบ้านใกล้เคียง มีรปภ. ดูแล 24 ชั่วโมง
.
- ที่ดินอยู่ห่างถนนสาริกา-นางรอง(ถนน 3049) 200 เมตร
- ที่ดินอยู่ในตัวเมืองนครนายก
- ห่างแม็คโครนครนายก 800 เมตร
- ห่างโลตัสนครนายก 1.5 กิโลเมตร
- ที่ดินอยู่ห่างจากวัดอุดมธานี 1 กิโลเมตร
- ห่างตลาดสวนหลวงร.9นครนายก 3 กิโลเมตร
- ห่างโรงพยาบาลนครนายก 3.5 กิโลเมตร
- ใกล้โรงเรียน, สถานที่ราชการ
- ใกล้ห้าง, ร้านอาหาร, ร้านสะดวกซื้อ
.
- 🔥 ขายราคารวมทั้งหมด 2,950,000 บาท 🔥
- ภาษีค่าโอนที่ดิน ทางผู้ขายเป็นผู้ออกค่าใช้จ่ายทั้งหมด ค่ะ 

โทร 094-887-4343  คุณพลอย",0,7/6/2026 20:52,https://www.facebook.com/tiddinnyk/posts/pfbid02EbE3FwUgrkzZDUCDnLEtvzpu5nfWipEPiRqjnfzafaMabufquUAfQVF5SiAYLWdkl,รูปภาพ,,อายุการใช้งาน,0,--,45,1,0,0,0,1,40,133,,
1.2212E+17,6.15721E+13,ติดดินบินโดรน - ขายที่ดินนครนายก,"ขายที่ถมแล้ว เนื้อที่ 1 ไร่ 72 ตารางวา
- ตั้งอยู่ ต.พรหมณี อ.เมือง จ.นครนายก
- เอกสารสิทธิ: โฉนดครุฑแดง พร้อมโอน
.
.
- ที่ดินถมแล้วทั้งแปลง 
- ด้านหน้าที่ดินอยู่ติดถนนสาธารณประโยชน์ เป็นถนนลาดยาง
- อยู่ใกล้คลองส่งน้ำสาธารณประโยชน์(คลองพรหมณี)
- มีน้ำประปา มีไฟฟ้าพร้อม น้ำไม่ท่วม
- ห่างจากถนนรังสิต-นครนายก(ถนน 305)ประมาณ 1 กิโลเมตร
- ที่ดินเป็นรูปสี่เหลี่ยม หน้ากว้างติดถนน ใช้สอยสะดวก
- บรรยากาศดี เหมาะทำสวนทำเกษตร
.
.
- ที่ดินอยู่ห่างตัวเมือง 2 กิโลเมตร
- ห่างถนนรังสิต-นครนายก(ถนน 305) 1 กิโลเมตร
- ห่าง อบต.ท่าช้าง 2.5 กิโลเมตร
- ห่างตลาดท่าหุบ 4 กิโลเมตร
- ห่างเทสโก้ โลตัส 7 กิโลเมตร
- ใกล้โรงเรียน, สถานที่ราชการ
- ใกล้ห้าง, ร้านอาหาร, ร้านสะดวกซื้อ
- มีเพื่อนบ้านใกล้เคียง
.
.
- 🔥 ขายราคารวมทั้งหมด 1,700,000 บาท 🔥
- ภาษีค่าโอนที่ดิน ทางผู้ขายเป็นผู้ออกค่าใช้จ่ายทั้งหมดค่ะ
โทร 094-887-4343 คุณพลอย",0,7/6/2026 20:51,https://www.facebook.com/tiddinnyk/posts/pfbid0wHUXuDi6DVfnvdJvKAoiN8kzHbje1iecKG1gBtrNRU4cAyKaVGVVrXBdhwSSZFrcl,รูปภาพ,,อายุการใช้งาน,0,--,44,1,0,0,0,1,38,124,,
1.2212E+17,6.15721E+13,ติดดินบินโดรน - ขายที่ดินนครนายก,"ขายบ้านพร้อมสวน 1 ไร่ ที่ดินมีทั้งหมด 2 โฉนด 
- แปลงที่ 1) เนื้อที่ 3 งาน 70 ตารางวา 
- แปลงที่ 2) เนื้อที่ 30 ตารางวา
- เนื้อที่รวม 1 ไร่
- ตั้งอยู่ ต.พรหมณี อ.เมือง จ.นครนายก
- เอกสารสิทธิ: โฉนดครุฑแดง พร้อมโอน
.
- ภายในมีบ้านปูนหนึ่งชั้น 1 หลัง
- ขนาด 2 ห้องนอน, 1 ห้องน้ำ, 1 ห้องโถง, 1 โรงจอดรถ, 1 โรงเก็บของ
- ภายในมีสวนปลูกต้นมะยงชิด, ต้นมังคุด, ต้นขนุน, ต้นมะม่วง, ต้นกระท้อน, ต้นลำใย, พืชผักสวนครัว
- ที่ดินมองเห็นวิวภูเขาชะโงก
- มีน้ำประปา มีไฟฟ้าพร้อม น้ำไม่ท่วม
- ที่ดินอยู่ใกล้คลองส่งน้ำ สามารถสูบน้ำเข้ามาทำการเกษตรได้
- ด้านหน้าที่ดินติดถนนสาธารณประโยชน์ เป็นถนนหินคลุก
- ที่ดินอยู่ห่างจากถนนสุวรรณศร 3 กิโลเมตร
- บรรยากาศดี เหมาะทำสวนทำเกษตร
.
- ที่ดินอยู่ห่างถนนสุวรรณศร(ถนนหมายเลย 33) 4 กิโลเมตร
- ห่างโรงเรียนนายร้อยพระจุลจอมเกล้า 3 กิโลเมตร
- ห่างโลตัสเอ็กเพลส แยกจปร. 3.2 กิโลเมตร
- ห่างสี่แยก รร.จปร. 3.5 กิโลเมตร
- ห่างองค์การบริหารส่วน ต.พรหมณี 4 กิโลเมตร
- ห่างตลาด-ตัวเมืองนครนายก 6 กิโลเมตร
- ใกล้โรงเรียน, สถานที่ราชการ
- ใกล้ร้านอาหาร, ร้านสะดวกซื้อ, รีสอร์ท
- มีเพื่อนบ้านใกล้เคียง
.
- 🔥ขายราคารวมทั้งหมด 2,500,000 บาท🔥
- ภาษีค่าโอนที่ดิน ทางผู้ขายเป็นผู้ออกค่าใช้จ่ายทั้งหมดค่ะ
โทร 094-887-4343 คุณพลอย",0,7/6/2026 20:51,https://www.facebook.com/tiddinnyk/posts/pfbid02gGCLR7XxFSLGRv5gYK9FDpyPuH19zpBrh8NnciQ9FSiTViKoZryiFgXrHBwXon2Kl,รูปภาพ,,อายุการใช้งาน,0,--,41,1,0,0,0,1,37,119,,
1.2212E+17,6.15721E+13,ติดดินบินโดรน - ขายที่ดินนครนายก,"🌄 ดาวน์1แสนใช้ที่ดินได้เลย ที่ดินถมแล้ว ผ่อนได้งวดละไม่เกิน1หมื่น วิวเขา 360 องศา 🌄
📜 ฉโนดครุฑแดง พร้อมโอน
💥 มีแบ่งแปลงเล็ก สำหรับงบเบาๆ 💥

💰 ราคาเริ่มต้นเพียง50ตรว 390,000 บาท เท่านั้น!
💸 100 ตรว. ราคา7.8 แสน
       1ไร่ 2.5ล้าน ถมแล้ว
📍 ต.เขาพระ อ.เมือง จ.นครนายก หมู่ 9
💡 น้ำ-ไฟ พร้อมทุกแปลง
🏡 เหมาะปลูกบ้าน อยู่อาศัย / บ้านพักตากอากาศ / เก็งกำไร

สอบถาม/นัดดูที่
📞 โทร: 094-887-4343 (คุณพลอย)
#รับขายฝาก #ขายฝากที่ดินนครนายก #ที่ดินนครนายก",0,7/1/2026 23:04,https://www.facebook.com/tiddinnyk/posts/pfbid02tMsTW24qBmTZDu5DiRq4Ez5YmthYKpeB4TNmsqbYbWuRj5vJkRqq7HXdUMc4tMD7l,รูปภาพ,,อายุการใช้งาน,0,--,47,1,0,0,0,1,39,105,,
1.2212E+17,6.15721E+13,ติดดินบินโดรน - ขายที่ดินนครนายก,"📍 ขายที่ดินสวนผลไม้ วิวเขาล้อมสวย 360° 🌟
200ตรว 6.9แสน ห่างถนนราดยาง150เมตร.
ยกแปลง4ไร่ 4.8ล้านบาท
🌄 วิวภูเขาสวยๆชัดๆ 360 องศา บรรยากาศเงียบสงบ ใกล้ทางขึ้นเขาใหญ่4กม✅ห่างตัวเมืองปราจีน7โล✅
🛣️ การเดินทางสะดวก ห่างอนามัยห้วยเกษียณเพียง 300 เมตร
🏫 อยู่ในชุมชน ใกล้โรงเรียน, อบต., ตลาด และมีเพื่อนบ้านไม่เปลี่ยว
🍌 ผลไม้กล้วย ทุเรียน มะนาว สับปะรด ลองกอง เงาะ มังคุด มะยงชิด
⚡ น้ำ-ไฟ เข้าถึงพร้อมหน้าแปลง
📑 ที่ดินมีโฉนดครุฑแดงถูกต้อง 
📌พิกัด ต.เนินหอม อ.เมือง ปราจีนบุรี

สนใจติดต่อ 📞 โทร: 094-887-4343 (พลอย)
#รับขายฝาก #ขายฝากที่ดินนครนายก #ที่ดินนครนายก",0,7/1/2026 23:03,https://www.facebook.com/tiddinnyk/posts/pfbid0BQSf2FNBVL9XcifiMJLDpmCDewJkNEdr7SAbYgMUP7CbbcvcufDMEp5HaX97YnPkl,รูปภาพ,,อายุการใช้งาน,0,--,230,3,0,2,0,1,176,298,,
1.2212E+17,6.15721E+13,ติดดินบินโดรน - ขายที่ดินนครนายก,"ที่ดินทำเลทองพรมมณี100ตรว.เพียง3.9แสนจาก 4.9แสน ผ่อนได้36งวด‼️ โปรมีถึงสิ้นเดือนนี้เท่านั้น ที่ฉโนดครุฒแดงน้ำไฟพร้อม ใกล้โรงเรียนนายร้อย จปร.มีเพื่อนบ้าน ใกล้ตลาด ใกล้ร้านค้า เดินทางสะดวกสบายถนนกว้าง7 เมตร ตั้งอยู่ ต.พรมมณี อ.เมือง นครนายก 
สนใจโทร094-887-4343(คุณพลอย)",0,7/1/2026 23:01,https://www.facebook.com/tiddinnyk/posts/pfbid02fCpXHDNcWGjSa93gFkV3N3G3eSpUVhwJh2yHQtoKEMPsSGgBeCW8sC2gpWWfQD8tl,รูปภาพ,,อายุการใช้งาน,0,--,39,1,0,0,0,1,34,106,,
1.2212E+17,6.15721E+13,ติดดินบินโดรน - ขายที่ดินนครนายก,"🌿 ไร่ละ 6.9 แสน! ที่ดินติดถนนลาดยาง ใกล้เมืองนครนายก
* 🔥 ลดแล้วจากไร่ละ 7.5 แสน เหลือเพียง 6.9 แสน
* 🏡 ที่ดินศรีนาวา น้ำไฟถึง ดินดี น้ำไม่ท่วม
* 🌳 แบ่งขาย 3 ไร่ ทำสวน สร้างบ้าน ได้ครบ
* 📍 ใกล้เมือง ใกล้แหล่งท่องเที่ยว ทำเลน่าเก็บลงทุนที่สุดในตอนนี้
📍 ต.ศรีนาวา หมู่ 6 อ.เมือง จ.นครนายก
ติดต่อ 094-887-4343 คุณพลอย",0,7/1/2026 23:00,https://www.facebook.com/tiddinnyk/posts/pfbid0bG8pbHVommA8FLL546XtHm5sMd1qPLA6KkbwtvydRozAaqdJVfK3QhrPzpEirXstl,รูปภาพ,,อายุการใช้งาน,0,--,40,1,0,0,0,1,34,97,,
1.2212E+17,6.15721E+13,ติดดินบินโดรน - ขายที่ดินนครนายก,"💥ขายด่วนๆ... บ้านสวนบรรยากาศดี ที่ราบเชิงเขา สไตล์รีสอร์ท ปลูกต้นไม้ไว้เต็มพื้นที่  อยู่ในชุมชน..มีเพื่อนบ้านล้อมรอบ 

🏕 มีบ้าน 2 หลัง พร้อมอยู่ 🏕
🌴 มีมะค่าต้นใหญ่ 🌴มูลค่าหลักแสน หลายต้น
🏠 บ้านหลังใหญ่หันหน้าไปทางทิศตะวันออก
ที่ดินหันหน้าไปทางทิศใต้สูงจากระดับน้ำทะเล 40 เมตร 

🏡บ้านหลังใหญ่
3 ห้องนอน 4 ห้องน้ำ 1 ครัว  1 ระเบียง
🏡บ้านหลังเล็ก 
1 ห้องนอน 1 ห้องเก็บของ 1 ห้องน้ำ 1 ระเบียง รอบบ้าน
1 เทอร์เรสชั้น2 

ต้นไม้เยอะมาก🌴🌳🌵
ทุเรียน เงาะ ลำไย ฝรั่ง ละมุด มะไฟ มะเฟือง มะม่วงกระท้อน มะกอก มังคุด ลองกอง ส้มโอ ขนุน ตะลิงปลิง 
มะนาว มะกรูด ไม้ดอกไม้ประดับ และไม้ป่าจำนวนมาก

🔺️ เนื้อที่ 1-1-47.5 ไร่ 🔺️
✅️ลดเหลือ 3.9 ล้านบาท ต่อรองกับเจ้าของได้ขายเองจ้า = ตรว.ละ 7,124 บาท รวมค่าโอนและภาษี เอกสารสิทธิ์เป็นโฉนดครุฑแดง
‼️เอาใจสายผ่อน ดาวน์10-20% ผ่อนนาน36งวดกับเจ้าของโดยตรง

📌พิกัด : ตำบลนาหินลาด อำเภอปากพลี จังหวัดนครนายก
สนใจติดต่อ โทร: 094-887-4343 (พลอย)",0,7/1/2026 22:59,https://www.facebook.com/tiddinnyk/posts/pfbid0P6XcrcWqjkGg6YFTmecdxmoxLaXVrm9jKZGQYFtaPzVLQF4h7EfR15ZmQuiNwHwGl,รูปภาพ,,อายุการใช้งาน,2,--,2779,18,0,12,3,1,1626,2837,,
1.22119E+17,6.15721E+13,ติดดินบินโดรน - ขายที่ดินนครนายก,"จัดไปอีกหนึ่งแปลงนะครับสำหรับทีมงานของเรา

น้องพลอย @ติดดินบินโดรน รับค่าขนมจุกๆค้าบ 🥰🎉🎇",0,06/28/2026 23:38,https://www.facebook.com/tiddinnyk/posts/pfbid05Z8LeZQR3ZMmnZpoYSRVe4irtxfwDbiKdMpWW2VPS9KEFAN9d7EVsvxpya62c8ytl,เนื้อหา,,อายุการใช้งาน,1,--,39,3,0,2,0,0,33,93,,
1.22119E+17,6.15721E+13,ติดดินบินโดรน - ขายที่ดินนครนายก,ปิดอีก1แปลง ลูกค้ามาชมที่ดินติดคลองติดถนนราดยางสวยถูกใจ วางจองนัดโอเลยขอบพระคุณผู้ซื้อผู้ขายค่ะ🙏🏻😊❤️,0,06/28/2026 23:00,https://www.facebook.com/tiddinnyk/posts/pfbid02SzGKeJeqF5nbjjUTywZfkjXDe5QioXR6Xr2QxdjhnGCdetMdbwn5iN7nJsVQUesTl,รูปภาพ,,อายุการใช้งาน,0,--,35,3,0,2,0,1,30,65,,
1.22119E+17,6.15721E+13,ติดดินบินโดรน - ขายที่ดินนครนายก,"🎉 ขอบคุณลูกค้าทุกท่านค่ะ

ขอแสดงความยินดีกับเจ้าของใหม่ แปลง D ที่ตัดสินใจจับจองเป็นที่เรียบร้อยแล้ว 🥳🏡

สำหรับท่านที่กำลังสนใจ ตอนนี้ยังมี แปลง B, C และ E ให้เลือกค่ะ แต่ละแปลงมีจุดเด่นและความสวยแตกต่างกัน ไม่ว่าจะเป็นวิว บรรยากาศ หรือความเป็นส่วนตัว รับรองว่าสวยไม่แพ้กัน

หากกำลังมองหาที่ดินไว้สร้างบ้านสวน บ้านพัก หรือเก็บไว้ลงทุน แนะนำให้รีบเข้ามาเลือกก่อน เพราะเมื่อขายแล้วจะไม่มีแปลงเดิมกลับมาอีก

📍 สนใจนัดเข้าชมพื้นที่ หรือสอบถามรายละเอียดเพิ่มเติม

📞 096-321-6888 (ซุง)

📱 Line ID: mrsungz

🔗 https://line.me/ti/p/VbC9xinX7H

📘 เพจ: ติดดินบินโดน",0,06/26/2026 00:20,https://www.facebook.com/tiddinnyk/posts/pfbid0nJDSLeihGPb8swQoLja1GwiawBBM1fB1TnypZXpzahSSZueHjEzUsPpxFf8BZifjl,รูปภาพ,,อายุการใช้งาน,0,--,75,15,0,3,0,13,67,171,,
1.22119E+17,6.15721E+13,ติดดินบินโดรน - ขายที่ดินนครนายก,ข่าวดีสำหรับวันนี้ครับ 😊 คราวนี้เช็คราคากันง่ายขึ้นเยอะเลยครับ,0,06/25/2026 01:59,https://www.facebook.com/tiddinnyk/posts/pfbid0kRYyKU39DcMYjTFZw1Kbipf4fUN2trDvKvqaPpsgEEy5VHFn8oTcnZm1iQsrzCjvl,เนื้อหา,,อายุการใช้งาน,0,--,40,1,0,1,0,0,32,81,,
1.22118E+17,6.15721E+13,ติดดินบินโดรน - ขายที่ดินนครนายก,"ตื่นเช้ามามองไปทางไหนก็เจอแต่เขา🍃🫠
#ที่ดินนครนายก #ที่ดิน #เขาใหญ่",12,06/21/2026 05:55,https://www.facebook.com/reel/987089003952962/,คลิป Reels,,อายุการใช้งาน,0,-0.8x,134,2,0,1,0,1,168,338,4.744,1356.871
1.22118E+17,6.15721E+13,ติดดินบินโดรน - ขายที่ดินนครนายก,#ที่ดินนครนายก #ที่ดิน #นครนายก,9,06/21/2026 05:10,https://www.facebook.com/reel/2429951017472483/,คลิป Reels,,อายุการใช้งาน,0,+0.5x,232,17,1,4,0,13,290,414,3.63,1219.753
1.22118E+17,6.15721E+13,ติดดินบินโดรน - ขายที่ดินนครนายก,"ซุงและพลอยคือเจ้าของผู้ดูแลเพจ “ติดดินบินโดรน” มีบริการรับ #ขายฝาก #ฝากขายที่ดิน #บินโดรน สนใจติดต่อได้เลยนะคะ 🙏🏻☺️ 
เฟสหลัก  Thanatchaporn Sapyuennan และ Sorachat Jaiboon",0,06/20/2026 00:42,https://www.facebook.com/tiddinnyk/posts/pfbid07Me9zWgjVg8d82v36Vszy4mKQWN4nDe8c59RYgUZg3Ddb11HUdovNS7NwJwQvG26l,รูปภาพ,,อายุการใช้งาน,0,--,260,9,0,8,0,1,194,762,,
1.22118E+17,6.15721E+13,ติดดินบินโดรน - ขายที่ดินนครนายก,ขออนุญาตลงเครดิตการทำงานค่ะ ซื่อสัตย์ จริงใจ ต่อลูกค้าผู้ซื้อผู้ขายทุกท่านค่ะ,0,06/20/2026 00:38,https://www.facebook.com/tiddinnyk/posts/pfbid02g6FvafrTmdqZPDVUQEZ8UQ1ivMjKhRA9a35E5HRtYo8hMVQy9MswppGMBMULMe7Nl,รูปภาพ,,อายุการใช้งาน,0,--,49,4,0,3,0,1,42,90,,
1.22118E+17,6.15721E+13,ติดดินบินโดรน - ขายที่ดินนครนายก,ใครสนใจบ้านสวนพร้อมอยู่ ติดต่อมาได้เลยค่ะ,0,06/20/2026 00:36,https://www.facebook.com/tiddinnyk/posts/pfbid02QH16QTqNPrXCdgCWpoRiCtmHkyEFcJam31q3XYBzKnr9nRkB3XsVQg2BdwrmNjDfl,รูปภาพ,,อายุการใช้งาน,0,--,49,6,0,5,0,1,41,83,,
1.22118E+17,6.15721E+13,ติดดินบินโดรน - ขายที่ดินนครนายก,พาชมรีสอร์ทค่ะ ใครสนใจทำรีสอร์ทโซนสาริกาติดต่อมาได้นะคะ,0,06/20/2026 00:36,https://www.facebook.com/tiddinnyk/posts/pfbid02QdKFcADT55a6Kw6Uy1yDErGXWoMDLhFg3dKnGCQezRHJJ6RjHQqJjNnmZEniNgL5l,รูปภาพ,,อายุการใช้งาน,0,--,33,2,0,1,0,1,28,55,,
1.22118E+17,6.15721E+13,ติดดินบินโดรน - ขายที่ดินนครนายก,ที่สวยๆรอลูกค้ามาจับจองอยู่นะค้าา🩷🩷🤟🏻,0,06/20/2026 00:35,https://www.facebook.com/tiddinnyk/posts/pfbid0QLprGn9eKW2DQo5ovukccK7PGH4ZT6462svMJmSCdWSTYuc6aAKqR12jQRyyYtd5l,รูปภาพ,,อายุการใช้งาน,0,--,32,1,0,0,0,1,27,52,,
1.22118E+17,6.15721E+13,ติดดินบินโดรน - ขายที่ดินนครนายก,วันหยุดพวกเราพร้อมรับลูกค้าทุกวันค่ะ💪🏻😆🩷,0,06/20/2026 00:34,https://www.facebook.com/tiddinnyk/posts/pfbid02Y7KJsZXpQkmdzndUdq1PLpknXCnho6JvjUPxD7HHkcuUHiDDszb19zk74xhGvAZul,รูปภาพ,,อายุการใช้งาน,0,--,29,1,0,0,0,1,24,48,,
1.22117E+17,6.15721E+13,ติดดินบินโดรน - ขายที่ดินนครนายก,สวยมากก,0,06/14/2026 22:44,https://www.facebook.com/tiddinnyk/posts/pfbid02GiJeF7RbHr2CZGSfvUZN7Di3i1fPqGzCPErTAPdRrRK9qSSuhzDgE8AykDJfdGAzl,เนื้อหา,,อายุการใช้งาน,1,--,40,2,0,1,0,0,33,74,,
1.22117E+17,6.15721E+13,ติดดินบินโดรน - ขายที่ดินนครนายก,"ห่างจากเขาใหญ่ 10นาที หายห่วงเรื่องน้ำท่วม

สนใจโทร : 096-945-3731 ซุง

#ที่ดิน #ที่ดินนครนายก #สวนสวย",10,06/14/2026 02:03,https://www.facebook.com/reel/1031630922535389/,คลิป Reels,,อายุการใช้งาน,0,-0.2x,255,2,1,2,0,0,237,337,4.455,1162.822
1.22117E+17,6.15721E+13,ติดดินบินโดรน - ขายที่ดินนครนายก,"🌳⛰️ขายที่ดินเดิมๆทำเลทอง โคกไม้ลาย เมืองปราจีนบุรี ตรงปากพลี – ติดแยกหนองชะอม 
💰 ราคาเพียง ไร่ละ 790,000 บาท
มีให้เลือก 2 ขนาด
✅ แปลง 2 ไร่ 53 ตรว.
✅ แปลง 8 ไร่ 331 ตรว.

🌿 จุดเด่นทำเล
 • ติดแยกหนองชะอม
     •    ห่างถนนใหญ่600 เมตร
 • ใกล้ปั๊ม ปตท. มีเซเว่น 4 กม.
    •      ใกล้โรบินสันปราจีน 27 กม.
 • ใกล้คาเฟ่ 28 Days Off เพียง 3 กม.
 • มีร้านอาหารหน้าปากซอย
 • ใกล้โรงพยาบาลปากพลี 5 กม.
     •    ใกล้โลตัสนครนายก 10 กม.

📍 พิกัด : ต.โคกไม้ลาย อ.เมือง จ.ปราจีนบุรี
ทำเลดีมาก ใกล้นครนายก ปราจีนบุรี เดินทางสะดวกสุดๆ

สอบถาม/นัดดูที่
📞 โทร: 094-887-4343 (คุณพลอย)
#รับขายฝาก #ขายฝากที่ดินนครนายก #ที่ดินนครนายก",0,06/14/2026 00:04,https://www.facebook.com/tiddinnyk/posts/pfbid02kfCfGLqhzgmev52yitk9oYc9vo6jY8ik8a2mkv6c8tDcWCC2MuwMuzrfp9yxUhDCl,รูปภาพ,,อายุการใช้งาน,0,--,33,1,0,0,0,1,28,67,,
1.22117E+17,6.15721E+13,ติดดินบินโดรน - ขายที่ดินนครนายก,"🌿🏞 ขายที่ดินใกล้คลองวิวเขา บรรยากาศธรรมชาติ จ.ปราจีนบุรี 
📐 ขนาด 2 ไร่ 1 งาน 55 ตร.ว.
💰 ราคาเพียง 2.5 ล้านบาท (ต่อรองได้)
📍 ต.เนินหอม อ.เมืองปราจีนบุรี จ.ปราจีนบุรี

✨ เดิมใช้ปลูกไม้ประดับ
✨ มีไม้ไผ่ในพื้นที่ (ทางเราสามารถเคลียร์ให้เป็นที่ดินโล่งได้ตามลูกค้าต้องการ)
✨ วิวเขาสวย ใกล้คลอง บรรยากาศดี อากาศสดชื่น
✨ มีเพื่อนบ้าน ไม่เปลี่ยว
✨ น้ำ–ไฟพร้อม
✨ ใกล้ถนนใหญ่ เดินทางสะดวก

🏡 เหมาะทำบ้านพักตากอากาศ / บ้านสวน 
💚 ทำเลดี ได้ความเป็นธรรมชาติ แต่ยังสะดวกสบาย
💚 ราคาคุยกันได้ เจ้าของขายเอง

สอบถาม/นัดดูที่
📞 โทร: 094-887-4343 (คุณพลอย)
#รับขายฝาก #ขายฝากที่ดินนครนายก #ที่ดินนครนายก",0,06/14/2026 00:04,https://www.facebook.com/tiddinnyk/posts/pfbid0iTY4EeTLAKE8LVWBfQJZ53692DCkdNoAYuNQeRd4rjFffMAAjf3BgVLAkKyhB5qSl,รูปภาพ,,อายุการใช้งาน,0,--,36,1,0,0,0,1,29,86,,
1.22117E+17,6.15721E+13,ติดดินบินโดรน - ขายที่ดินนครนายก,"ที่ดินวิวเขา 5แปลงสุดท้าย ❤️‍🔥+ ติดคลองธรรมชาติ + สาธารณูปโภคครบแบบครบจบ 

🌄 “โครงการทรัพย์เศรษฐี – ที่ดินวิวเขา 360°”
พร้อมให้คุณเริ่มสร้างบ้านในฝันได้ทันที 🏡✨
ที่ดินวิวเขา + ติดคลองธรรมชาติ + สาธารณูปโภคครบ
แบบนี้… หาไม่ได้ง่าย ๆ อีกแล้ว!

✨ Elite Zone B – วิวเขา + ติดคลอง  (เหลือแปลง B3 B4 B6 B7 B9) แปลงติดน้ำเหลือ B9
• ราคาเริ่มต้น 6,600 บ./ตร.วา
• ขนาดเริ่มต้น 400 ตร.วา
💰 เพียง 2.8 ล้านบาท

✨ Meesuk Zone – วิวเขาสวยที่สุด
• ราคาเริ่มต้น 6,400 บ./ตร.วา  (เหลือ 2 แปลงสุดท้าย)❗❗
• ขนาดคงเหลือ 489 ตร.วา
💰 เพียง 3.276 ล้านบาท

🎉🎉Elite Zone B มีเพื่อนบ้านเพิ่มเข้ามาอีก 1 แปลง แล้วนะคะ สำหรับแปลงติดน้ำ + วิวเขา 270 องศา ใครที่ยังรีรอตัดสินใจ ระวังจะพลาดโอกาสนะคะ❗❗
Elite Zone B – โครงการ “ทรัพย์เศรษฐี”

💸 เริ่มเพียง 6,600 บ./ตร.วา
🔖 ราคาเริ่มต้นเพียง ไร่ละ 2.8ล้านบาท เท่านั้น!

📏 สูง 405 ม. เหนือระดับน้ำทะเล น้ำไม่ท่วมแน่นอน
🏗️ ครบพร้อมสร้างได้ทันที
✅ ถนนคอนกรีตกว้าง 12 ม. & 8 ม.
✅ ไฟฟ้า 3 เฟส + น้ำโครงการ
✅ รั้วคาวบอยรอบแปลง (ฟรี!)
✅ ฟรี! ค่าโอนกรรมสิทธิ์

📍 ทำเลทอง ใกล้เมือง ใกล้ธรรมชาติ
• ครอบคลุม 2 ทำเลเด่น: คลองม่วง และ วังไทร
• อ.ปากช่อง จ.นครราชสีมา — ทำเลศักยภาพสูง ทั้งอยู่อาศัยและลงทุน

สอบถาม/นัดดูที่
📞 โทร: 094-887-4343 (คุณพลอย)
#รับขายฝาก #ขายฝากที่ดินนครนายก #ที่ดินนครนายก",0,06/14/2026 00:03,https://www.facebook.com/tiddinnyk/posts/pfbid02r2ERVYKqzJwkMqafRGiuuMsiDH1GLXgo2w6No85QLzHKyECCSLgjav8afYBgY2dGl,รูปภาพ,,อายุการใช้งาน,0,--,31,11,0,0,0,11,25,72,,
1.22117E+17,6.15721E+13,ติดดินบินโดรน - ขายที่ดินนครนายก,"🏢🔥 ขายที่ดินพร้อมสิ่งปลูกสร้าง (คูโบต้าเก่า นครนายก) 
📐 ขนาดพื้นที่ 5 ไร่ 3 งาน
💰 ราคา 50 ล้านบาท (ต่อรองได้)

📍 ทำเลดีมาก ต.พรหมมณี อ.เมืองนครนายก จ.นครนายก

✅ พร้อมอาคารและสิ่งปลูกสร้างเดิม
✅ เหมาะทำโชว์รูม / ศูนย์กระจายสินค้า / โกดัง / โรงงาน / โครงการพาณิชย์
✅ ทำเลในตัวเมือง เดินทางสะดวก
✅ พื้นที่ขนาดใหญ่ หายากในโซนนี้

💥 เหมาะกับนักลงทุนที่มองหาทำเลศักยภาพ
💥 ซื้อปรับปรุงต่อยอดธุรกิจได้ทันที

สอบถาม/นัดดูที่
📞 โทร: 094-887-4343 (คุณพลอย)
#รับขายฝาก #ขายฝากที่ดินนครนายก #ที่ดินนครนายก",0,06/14/2026 00:02,https://www.facebook.com/tiddinnyk/posts/pfbid0VWprqWQYYkYQsEdb6vTELCnDYXT9zx2d7QRx6YNvYgLvcK5wHWEooQTyMDtkUZ9Sl,รูปภาพ,,อายุการใช้งาน,0,--,25,1,0,0,0,1,20,62,,
1.22117E+17,6.15721E+13,ติดดินบินโดรน - ขายที่ดินนครนายก,"💥 ประกาศ ขาย รีสอร์ทติดลำธาร 13.5 ล้านบาท 
👍🏻 การันตรีรายได้ และยอดจอง ลูกค้าเข้าพักตลอด
 
⭐️ แบบผ่อน ขายดาวน์รีสอร์ท 5 ล้าน ⭐️ 
👉 ยอดที่เหลือผ่อนตรงกับเจ้าของ 
ทำสัญญามีทนายร่างสัญญา ตามกฏหมาย

📣✨ ขายกิจการรีสอร์ท ทำเลทอง 
ตำบลสาริกา อำเภอเมือง จังหวัดนครนายก ✨📣

โอกาสดีสำหรับนักลงทุนหรือผู้ที่ต้องการทำธุรกิจที่พัก บรรยากาศร่มรื่น หน้าบ้านติดลำธารธรรมชาติน้ำตกลานรัก ติดเขาใหญ่ ธรรมชาติมากๆ และอยู่ในทำเลศักยภาพสูง เดินทางสะดวก ลูกค้าเข้าถึงง่าย ยอดจองแน่นมาก รายได้ต่อเดือน 2-3แสน+  ช่วงหน้าน้ำ 6 เดือนรายได้ 4-5 แสน พร้อมเข้าดำเนินกิจการต่อได้ทันที 

พื้นที่ 1 ไร่ 1 งาน 66 ตารางวา ก่อสร้างเต็มพื้นที่และมีก่อสร้างเพิ่มห้องพัก
ตอนนี้ยอดจองถึงเดือน ตุลาคม 69 แล้ว

🏡🌿 รายละเอียดทรัพย์
รีสอร์ทสไตล์วินเทจ บรรยากาศอบอุ่น เป็นส่วนตัว เงียบสงบ ธรรมชาติมากๆ เหมาะสำหรับนักท่องเที่ยว คู่รัก ครอบครัว มาเป็นกรุ๊ป หรือเป็นหมู่คณะ ลูกค้าส่วนใหญ่จะปิดเหมารีสอร์ท หรือผู้ที่ต้องการพักผ่อนใกล้ชิดธรรมชาติ ติดน้ำ

📍 ทำเลดีเยี่ยม
 • ด้านหน้าติดเขาใหญ่ และติดลำธารธรรมชาติน้ำมาจากน้ำตกลานรัก ถนนทางเข้าออกสะดวก

 • ตั้งอยู่ ต.สาริกา อ.เมือง ใกล้แหล่งท่องเที่ยว ร้านอาหาร ตลาด และสถานที่สำคัญต่าง ๆ

🛏️ จำนวนห้องพักมีทั้งหมด 11 ห้อง
- มีห้องเก็บของ 4 ห้อง
- มีอาคาร2ชั้น สามารถเปิดคาเฟ่หรือร้านอาหาร คาเฟ่ก่อสร้าง 80%แล้ว

 • ห้องพักตกแต่งสไตล์วินเทจ ให้ความรู้สึกอบอุ่นเป็นธรรมชาติมากๆ
 • มีเครื่องปรับอากาศทุกห้อง
 • ห้องน้ำในตัว (ห้องน้ำแยก 4 ห้อง)
 • ทีวี / เครื่องทำน้ำอุ่น / อุปกรณ์พื้นฐานครบ
 • เฟอร์นิเจอร์ครบ พร้อมเปิดให้บริการต่อได้ทันทีไม่ต้องทำอะไรเลย แค่เข้ามาบริหารต่อได้เลย
 • เพจFacebook และ TikTok มีผู้ติดตามจำนวนมาก

🌅 พื้นที่ส่วนกลาง
 • สระว่ายน้ำ มี 3 ใบ 
มีสระผู้ใหญ่ลึก เมตร1.20 ซม.
มีสระเด็ก 70 ซม.
สระสปาหน้าบ้าน
 • ศาลานั่งเล่น ริมสระ จุดนั่งริมลำธารเหมาะสำหรับจัดกิจกรรมเล็ก ๆ หรือรองรับลูกค้าที่มาพักผ่อน
 • บรรยากาศธรรมชาติ วิวเขา และต้นไม้เขียวขจี
 • มีพื้นที่จอดรถกว้างขวาง

💰 ราคาขายเพียง 13.5 ล้านบาท เท่านั้น
ซื้อเงินสด ต่อรองคุยกันได้

📞 สนใจติดต่อสอบถามเพิ่มเติม / นัดชมสถานที่
โทร: 094-887-4343 (คุณพลอย)
#รับขายฝาก #ขายฝากที่ดินนครนายก #ที่ดินนครนายก",0,06/14/2026 00:00,https://www.facebook.com/tiddinnyk/posts/pfbid0fqqsX98NewuevKfjoHUjYrbhhBfLPKu3iAcZ8KM9fPRYhQ2XLcpDxGcgzLKpWpyPl,รูปภาพ,,อายุการใช้งาน,0,--,1002,3,0,1,0,2,866,1041,,
1.22117E+17,6.15721E+13,ติดดินบินโดรน - ขายที่ดินนครนายก,"📍 ต.เขาพระ อ.เมือง จ.นครนายก

💰 ราคาเพียง 2,200,000 บาท

หากคุณกำลังมองหาบ้านสักหลังที่ได้ตื่นมาพร้อมอากาศบริสุทธิ์ มีเสียงน้ำไหลเบา ๆ จากลำธารหลังบ้าน และใช้ชีวิตท่ามกลางธรรมชาติ โดยไม่ต้องอยู่ไกลจากตัวเมือง ที่นี่อาจเป็นบ้านในฝันที่คุณกำลังตามหา

✨ บ้านพร้อมอยู่ พร้อมเฟอร์นิเจอร์และเครื่องใช้จำเป็น หิ้วกระเป๋าเข้าอยู่ได้ทันที

🏠 รายละเอียดบ้าน

▪️ 2 ห้องนอน
▪️ 2 ห้องน้ำ
▪️ 1 ห้องครัว
▪️ 1 ระเบียงกว้างสำหรับนั่งพักผ่อน
▪️ ดาดฟ้ากว้าง กางเต็นท์ชมดาวได้ถึง 4 หลัง

🌳 เนื้อที่โฉนด 50 ตร.วา

🌿 มีพื้นที่งอกติดลำธารด้านหลังอีกประมาณ 50 ตร.วา

👉 ใช้งานได้รวมประมาณ 100 ตร.วา

💧 ด้านหลังติดลำธาร ร่มรื่น เย็นสบายตลอดปี

🌳 นั่งจิบกาแฟยามเช้า ฟังเสียงธรรมชาติ หรือจัดมุมพักผ่อนริมลำธารได้อย่างลงตัว

🏘️ อยู่ในชุมชน มีเพื่อนบ้าน ไม่เปลี่ยว

⚡ น้ำ–ไฟพร้อมใช้งาน

🏠 มีบ้านเลขที่ พร้อมโอน

🎁 ของแถมครบ

✔️ แอร์ 2 เครื่อง
✔️ ผ้าม่านทั้งหลัง
✔️ โซฟา 1 ชุด
✔️ เตียงนอน 2 ชุด พร้อมฟูก
✔️ ชุดเครื่องนอนครบ

📍 เดินไปอ่างเก็บน้ำห้วยปรือได้

📍 เข้าเมืองนครนายกเพียง 10 นาที

📍 ใกล้ Makro / Lotus / ไทวัสดุ

🏡 เหมาะสำหรับอยู่อาศัยจริง บ้านพักตากอากาศ บ้านสำหรับวัยเกษียณ หรือปล่อยเช่ารายวันรองรับนักท่องเที่ยว

✨ บ้านพร้อมอยู่ ทำเลธรรมชาติแบบนี้ในนครนายก เริ่มหายากขึ้นทุกปี โดยเฉพาะบ้านที่มีลำธารด้านหลังและเดินทางเข้าเมืองสะดวก

ใครกำลังมองหาความสุขที่จับต้องได้ ในราคาที่ไม่ต้องจ่ายหลักหลายล้านปลาย ๆ ลองเข้ามาชมด้วยตัวเอง แล้วคุณอาจหลงรักบรรยากาศที่นี่ตั้งแต่ครั้งแรกที่มา

📞 096-321-6888 (ซุง)

📱 Line ID: mrsungz

🔗 https://line.me/ti/p/VbC9xinX7H

📘 เพจ: ติดดินบินโดน

#ที่ดินถูก #บ้านถูก #ที่ดินนครนายก",22,06/13/2026 23:44,https://www.facebook.com/reel/999390299494348/,คลิป Reels,,อายุการใช้งาน,0,-0.5x,247,2,0,2,0,0,235,267,2.236,543.583
1.22117E+17,6.15721E+13,ติดดินบินโดรน - ขายที่ดินนครนายก,"🏡 บ้านใกล้อ่างเก็บน้ำห้วยปรือ เดินไปได้ บรรยากาศดี วิวธรรมชาติ พร้อมอยู่ 🌿

📍 ต.เขาพระ อ.เมือง จ.นครนายก

💰 ราคาเพียง 2,200,000 บาท

หากคุณกำลังมองหาบ้านสักหลังที่ได้ตื่นมาพร้อมอากาศบริสุทธิ์ มีเสียงน้ำไหลเบา ๆ จากลำธารหลังบ้าน และใช้ชีวิตท่ามกลางธรรมชาติ โดยไม่ต้องอยู่ไกลจากตัวเมือง ที่นี่อาจเป็นบ้านในฝันที่คุณกำลังตามหา

✨ บ้านพร้อมอยู่ พร้อมเฟอร์นิเจอร์และเครื่องใช้จำเป็น หิ้วกระเป๋าเข้าอยู่ได้ทันที

🏠 รายละเอียดบ้าน

▪️ 2 ห้องนอน
▪️ 2 ห้องน้ำ
▪️ 1 ห้องครัว
▪️ 1 ระเบียงกว้างสำหรับนั่งพักผ่อน
▪️ ดาดฟ้ากว้าง กางเต็นท์ชมดาวได้ถึง 4 หลัง

🌳 เนื้อที่โฉนด 50 ตร.วา

🌿 มีพื้นที่งอกติดลำธารด้านหลังอีกประมาณ 50 ตร.วา

👉 ใช้งานได้รวมประมาณ 100 ตร.วา

💧 ด้านหลังติดลำธาร ร่มรื่น เย็นสบายตลอดปี

🌳 นั่งจิบกาแฟยามเช้า ฟังเสียงธรรมชาติ หรือจัดมุมพักผ่อนริมลำธารได้อย่างลงตัว

🏘️ อยู่ในชุมชน มีเพื่อนบ้าน ไม่เปลี่ยว

⚡ น้ำ–ไฟพร้อมใช้งาน

🏠 มีบ้านเลขที่ พร้อมโอน

🎁 ของแถมครบ

✔️ แอร์ 2 เครื่อง
✔️ ผ้าม่านทั้งหลัง
✔️ โซฟา 1 ชุด
✔️ เตียงนอน 2 ชุด พร้อมฟูก
✔️ ชุดเครื่องนอนครบ

📍 เดินไปอ่างเก็บน้ำห้วยปรือได้

📍 เข้าเมืองนครนายกเพียง 10 นาที

📍 ใกล้ Makro / Lotus / ไทวัสดุ

🏡 เหมาะสำหรับอยู่อาศัยจริง บ้านพักตากอากาศ บ้านสำหรับวัยเกษียณ หรือปล่อยเช่ารายวันรองรับนักท่องเที่ยว

✨ บ้านพร้อมอยู่ ทำเลธรรมชาติแบบนี้ในนครนายก เริ่มหายากขึ้นทุกปี โดยเฉพาะบ้านที่มีลำธารด้านหลังและเดินทางเข้าเมืองสะดวก

ใครกำลังมองหาความสุขที่จับต้องได้ ในราคาที่ไม่ต้องจ่ายหลักหลายล้านปลาย ๆ ลองเข้ามาชมด้วยตัวเอง แล้วคุณอาจหลงรักบรรยากาศที่นี่ตั้งแต่ครั้งแรกที่มา

📞 096-321-6888 (ซุง)

📱 Line ID: mrsungz

🔗 https://line.me/ti/p/VbC9xinX7H

📘 เพจ: ติดดินบินโดน",0,06/13/2026 23:42,https://www.facebook.com/tiddinnyk/posts/pfbid07hxHkyRiLBjYwpkqn6kKLpKAbxvEjw4Cyz7r7HnCARTj4NVRjMvg9M1cnQ1e7VvCl,รูปภาพ,,อายุการใช้งาน,0,--,26,2,0,1,0,1,23,60,,
1.22117E+17,6.15721E+13,ติดดินบินโดรน - ขายที่ดินนครนายก,"🔥 เปิดแบ่งล็อกแล้ว! ที่ดินวิวเขาล้อม 360° ใกล้เขาใหญ่ เริ่มต้นเพียง 690,000 บาท 🔥

บางครั้งความสุขก็ไม่ได้อยู่ในเมืองใหญ่ แต่อยู่ในพื้นที่เล็ก ๆ ที่เรามองเห็นภูเขารอบตัว สูดอากาศดี ๆ ทุกเช้า และมีมุมสงบไว้พักใจในวันที่เหนื่อยจากการทำงาน

📍 ต.เนินหอม อ.เมือง จ.ปราจีนบุรี

📐 เริ่มต้น 200 ตร.วา

💰 ราคาเริ่มต้นเพียง 690,000 บาท

⛰️ วิวภูเขาล้อมรอบ 360 องศา

🌿 บรรยากาศเงียบสงบ อากาศดีตลอดปี

🚗 ใกล้ทางขึ้นเขาใหญ่เพียง 4 กม.

🏘️ อยู่ในชุมชน มีเพื่อนบ้าน ไม่เปลี่ยว

🏫 ใกล้โรงเรียน ตลาด และ อบต.

⚡💧 น้ำ–ไฟถึงหน้าแปลง พร้อมสร้างได้เลย

🍌 ภายในพื้นที่มีผลไม้หลายชนิด ทั้งทุเรียน มังคุด เงาะ ลองกอง มะนาว และสับปะรด ให้ความรู้สึกเหมือนมีสวนเล็ก ๆ เป็นของตัวเอง

📜 โฉนดครุฑแดง พร้อมโอน

🏡 สร้างบ้านสวนไว้พักผ่อนวันหยุด หรือหลังเกษียณก็เีไม่แพ้กัน 

✨ ทุกวันนี้ที่ดินใกล้เขาใหญ่ราคาขยับขึ้นต่อเนื่อง แต่แปลงที่ได้ทั้งวิวภูเขา บรรยากาศดี มีน้ำไฟ และเดินทางสะดวก ในงบไม่ถึงล้าน เริ่มหายากขึ้นเรื่อย ๆ

หากคุณกำลังมองหาพื้นที่สักแปลงสำหรับ “ความฝันในอนาคต” ที่นี่อาจเป็นจุดเริ่มต้นที่คุ้มค่ากว่าที่คิด

⚠️ เปิดแบ่งขายจำนวนจำกัด มาก่อนได้เลือกวิวก่อน

📞 096-321-6888 (ซุง)

📱 Line ID: mrsungz

🔗 https://line.me/ti/p/VbC9xinX7H

📘 เพจ: ติดดินบินโดน",0,06/13/2026 23:38,https://www.facebook.com/tiddinnyk/posts/pfbid0k7kUVCNn4GcFurJjRx6dtCuouFSVeyNkwX9eJyYpQNtfPBiHifevFrVCAcJJdMnWl,รูปภาพ,,อายุการใช้งาน,2,--,299,13,2,13,0,2,264,443,,
1.22115E+17,6.15721E+13,ติดดินบินโดรน - ขายที่ดินนครนายก,หยุดยาวนีั ยังรับสมัครลูกค้าเพิ่มอยู่นะค้า ☺️💪🏻,0,6/1/2026 4:54,https://www.facebook.com/tiddinnyk/posts/pfbid0jQaVAnqk4WV1G2wXDHkAdbNWz3r6j8WrHKeQqm1oodVYfo1JJYZe9Fo8M5VtpJe8l,รูปภาพ,,อายุการใช้งาน,0,--,48,5,0,4,0,1,42,108,,
1.22115E+17,6.15721E+13,ติดดินบินโดรน - ขายที่ดินนครนายก,  ,0,05/30/2026 05:53,https://www.facebook.com/tiddinnyk/posts/pfbid0312NAgViLXV84fVWqdwo9YYDPceEb6EBkEYvmj1qBJSVJYdhJ7Yh1sSJ3usBkFKhXl,รูปภาพ,,อายุการใช้งาน,1,--,489,7,0,11,0,4,422,1086,,
1.22114E+17,6.15721E+13,ติดดินบินโดรน - ขายที่ดินนครนายก,"🚨 แปลงใหม่เข้า! โซนหนองแสง ปากพลี ติดถนน วิวธรรมชาติ 🌿

📍 ต.หนองแสง อ.ปากพลี จ.นครนายก

🚗 เดินทางสะดวก ห่างทางขึ้นเขาใหญ่ฝั่งปราจีน ~20 นาที

🌄 บรรยากาศดี น้ำไฟพร้อม 💡ครุฑแดง ❣️เหมาะทำบ้านสวน / บ้านพัก / ลงทุน

📐 แปลงที่ 1

ขนาด 1 ไร่

💰 ราคา 1,500,000 บาท

✨ มีบ่อน้ำในแปลง

📐 แปลงที่ 2

ขนาด 200 ตร.วา

💰 ราคา 850,000 บาท

✔️ ติดถนน เข้า–ออกง่าย

✔️ เหมาะพักผ่อน ใกล้ธรรมชาติ

✔️ ทำเลอนาคตดี ใกล้เส้นทางท่องเที่ยว

📞 096-321-6888

📱 Line ID: mrsungz

🔗 htt //line.me/ti/p/VbC9xinX7H

#ติดถนน #ติดเขา #tiddininstock",0,05/27/2026 00:08,https://www.facebook.com/tiddinnyk/posts/pfbid02tpdMiuciUUo3ffu2AT6aG17qGyYLPKBXFXeuzGkf3neE66ePbVK4GJ76BP8wLBrcl,รูปภาพ,,อายุการใช้งาน,0,--,37,1,0,0,0,1,29,84,,
1.22114E+17,6.15721E+13,ติดดินบินโดรน - ขายที่ดินนครนายก,,0,05/26/2026 23:27,https://www.facebook.com/tiddinnyk/posts/pfbid02c4YnpCMru8WoskhqZSa7NC7rvQUs3nfxomNrUkEzXLgmBJoP8NWJYE9JLmQ42rVsl,เนื้อหา,,อายุการใช้งาน,0,--,31,0,0,0,0,0,25,62,,
1.22114E+17,6.15721E+13,ติดดินบินโดรน - ขายที่ดินนครนายก,"ที่ถมแล้ว เริ่มต้น 200-400 ตรวา 
น้ำไฟ พร้อมทุกแปลงครับ 
หนองแสง นครนายก",39,05/26/2026 22:54,https://www.facebook.com/reel/1608013196956210/,คลิป Reels,,อายุการใช้งาน,0,+0.7x,244,24,1,1,1,22,323,487,6.315,2614.655
1.22113E+17,6.15721E+13,ติดดินบินโดรน - ขายที่ดินนครนายก,"📣ที่ดินบ้านนา..จองตอนนี้ ได้ราคาเปิดโครงการ 
เพียง ไร่ละ 490,000 บาท💰 

    ✅️ ราคาถูก  สวยทุกแปลง ✅️
[ ราคาเริ่มต้น ตรว.ละ 1,225 - 1,475 บ. ] 
🚜 ติดถนนสาธารณะทุกแปลง 

🚛 ห่างถนนหมายเลข3051 6.1 กม.
🚛 ห่างถนนรังสิต-นครนายก 7.4 กม.
🚛 แยกบางอ้อ 7.4 กม.
🚛 แยกบ้านนา 7.8 กม. 

🔺️ แปลง/เนื้อที่/ราคา 🔺️
Z1-2 =  2 ไร่ๆละ 590,000บ.
ยกแปลง 1,160,000 บาท
Z3-4 =  2 ไร่ๆละ 550,000บ.
ยกแปลง 1,100,000 บาท
Z5- 9=  1-2-00 ไร่ๆละ  490,000บ.
ยกแปลง 735,000 บาท 

รวมค่าโอนและภาษีทุกแปลง✅️ ✅️
📕เอกสารสิทธิ์เป็นโฉนดครุฑแดง📕 
📍พิกัด: ตำบลอาษา อำเภอบ้านนา จังหวัดนครนายก

สอบถาม/นัดดูที่
📞 โทร: 094-887-4343 (คุณพลอย)
               096-321-6888 คุณซุง",0,05/22/2026 19:23,https://www.facebook.com/tiddinnyk/posts/pfbid02voxFxvciqFmV7oS7EjFKYG7VsZKb717YzA6eM2Xn9eYFH2QfmELgETdTrbZ2uAHYl,รูปภาพ,,อายุการใช้งาน,0,--,31,2,0,2,0,0,24,53,,
1.22113E+17,6.15721E+13,ติดดินบินโดรน - ขายที่ดินนครนายก,"🏞️✨ วิวเขาล้อม “สาริกา” แปลงสวย พร้อมสร้าง ใกล้คลองมะเดื่อ ✨🏞️

📐 ขนาด 200 ตร.วา  
💰 ราคาเพียง 1,800,000 บาท

📍 ต.สาริกา อ.เมือง จ.นครนายก  

⛰️ วิวภูเขารอบทิศ บรรยากาศดี  
🚜 ที่ดินถมแล้ว พร้อมสร้าง  
⚡💧 น้ำ–ไฟพร้อม  
🏘️ มีเพื่อนบ้าน ไม่เปลี่ยว  
☕ ใกล้คาเฟ่ / รีสอร์ท / โซนท่องเที่ยว  
🌿 ใกล้คลองมะเดื่อ เดินทางสะดวก

📜 โฉนดครุฑแดง พร้อมโอนย้าย

สอบถามนัดดูที่
📞 โทร 094-887-4343 คุณพลอย
              096-321-6888 คุณซุง",0,05/22/2026 19:11,https://www.facebook.com/tiddinnyk/posts/pfbid0vmsyAJBAdMjmxiGccjdmSyXqdnSMKfbKGsspBV1a6vtR6QBXB5JyhjcwegToHBQzl,รูปภาพ,,อายุการใช้งาน,0,--,28,0,0,0,0,0,23,60,,
1.22113E+17,6.15721E+13,ติดดินบินโดรน - ขายที่ดินนครนายก,"🚨 ด่วน ที่ดินแปลงเล็ก ติดถนนราดยาง ใกล้ชุมชน 
โปรเปิดแปลงใหม่ ลด10,000 จากราคาภายในเดือนพฤษภาคมนี้
💥 ราคาเพียง 259,000 บาท เท่านั้น!! 💥
📏 ขนาดเริ่มต้น 50 ตรว. 259,000บาท

✅ ติดถนนลาดยาง เข้าออกสะดวก น้ำไฟผ่านหน้าแปลง
✅ ทำเลชุมชน มีเพื่อนบ้าน ไม่เปลี่ยว
✅ ใกล้ตลาด / CJ 1กิโล
✅ ใกล้ PTT Station ปตท.ศรีนาวา และ เซเว่น อเมซอน

🌄 วิวเขา
🥭 มีต้นมะม่วง ขนุน ให้ผลผลิตแล้ว
⚡️ ของดี ทำเลนี้ ต่ำล้าน หายากมาก!
⚡️ แปลงนี้เข้าไม่ลึก ดีกว่าแปลงอื่นในโซนเดียวกัน

📍 ต.ศรีนาวา อ.เมือง จ.นครนายก
(ซอยเข้าวัดสบกเขียว หน้าซอยติดตลาด + CJ )

สอบถาม/นัดดูที่
📞 โทร: 094-887-4343 (คุณพลอย) 
               096-321-6888 (คุณซุง)",0,05/22/2026 19:10,https://www.facebook.com/tiddinnyk/posts/pfbid0NKXw97ZhFKbpwCXqxiizf6diivPvoYNPMRMSSEnfWNmqHL9GjuBF8uuZcTmwXJ32l,รูปภาพ,,อายุการใช้งาน,0,--,70,1,0,2,0,0,59,97,,
1.2211E+17,6.15721E+13,ติดดินบินโดรน - ขายที่ดินนครนายก,"5 ไร่ เพียงไร่ละ 1.2 ลบ ‼️

ห่างเขาใหญ่เพียง 10 นาที #ที่ดินเขาใหญ่ #ที่ดิน #ที่ดินสวย #fyp",9,5/6/2026 5:41,https://www.facebook.com/reel/26979122878390706/,คลิป Reels,,อายุการใช้งาน,0,-0.8x,30,0,0,0,0,0,19,39,3.559,96.102
1.2211E+17,6.15721E+13,ติดดินบินโดรน - ขายที่ดินนครนายก,"ที่ดิน ต.นาหินลาด อ.ปากพลี จ.นครนายก

💥 ราคา + ขนาดแต่ละแปลง (พร้อมโปรลด 10,000 บาท)

* A — 50 ตร.วา → 289,000 บาท
* B — 50 ตร.วา → 249,000 บาท
* C — 50 ตร.วา → 249,000 บาท
* D — 66 ตร.วา → 339,000 บาท
* E — 90 ตร.วา → 329,000 บาท
* F — 82 ตร.วา → 379,000 บาท

 #ที่ดินสวย #ที่ดินปากช่อง #ที่ดินนครนายก #fyp",20,5/4/2026 22:49,https://www.facebook.com/reel/1446795846767632/,คลิป Reels,,อายุการใช้งาน,0,-0.3x,34,2,0,2,0,0,23,55,9.661,318.831
1.22109E+17,6.15721E+13,ติดดินบินโดรน - ขายที่ดินนครนายก,"🌿🏞 2 ไร่กว่า ใกล้คลอง วิวเขา ปราจีนบุรี เพียง 2.5 ล้าน!

📐 ขนาด 2 ไร่ 1 งาน 55 ตร.วา
💰 ราคา 2,500,000 บาท (ต่อรองได้)

📍 ต.เนินหอม อ.เมืองปราจีนบุรี จ.ปราจีนบุรี

🌿 บรรยากาศธรรมชาติ วิวเขา ใกล้คลอง
🎋 มีไผ่ในพื้นที่ เคลียร์ให้โล่งได้
⚡💧 น้ำ–ไฟพร้อม
🚗 ใกล้ถนนใหญ่ เดินทางสะดวก
🏘 มีเพื่อนบ้าน ไม่เปลี่ยว

เหมาะทำบ้านพัก / บ้านสวน / ลงทุน

⚠️ แปลงสวย ราคานี้ในโซนนี้หาไม่ง่ายแล้ว

📞 096-321-6888 ซุง

📱 Line ID: mrsungz

🔗 https://line.me/ti/p/VbC9xinX7H

📘 เพจ: ติดดินบินโดน",0,5/2/2026 1:48,https://www.facebook.com/tiddinnyk/posts/pfbid0CcmsYmR3MoJtaxzLdQDo6HihCDkW7ZbA8S2vJgiUs8VoMzmm5F4GSw7TWeQ1ka9Yl,รูปภาพ,,อายุการใช้งาน,0,--,28,2,0,2,0,0,23,64,,
1.22108E+17,6.15721E+13,ติดดินบินโดรน - ขายที่ดินนครนายก,"🚨 เริ่มแค่ 2.5 แสน! ที่ดินติดถนนลาดยาง ศรีนาวา

📐 เริ่มต้น 50 ตร.วา
💰 เพียง 250,000 บาท

📍 ต.ศรีนาวา อ.เมือง จ.นครนายก

✔️ ติดถนนลาดยาง น้ำ–ไฟหน้าแปลง
✔️ ใกล้ตลาด / CJ / 7-11 / PTT
✔️ อยู่ในชุมชน ไม่เปลี่ยว

🌄 เคลียร์วิวเขาได้
🥭 มีต้นมะม่วง

เหมาะสร้างบ้าน / บ้านสวน / ลงทุน

⚠️ ราคาเริ่มต้นแบบนี้ โซนนี้หายากแล้ว

📞 096-321-6888
📱 Line ID: mrsungz
🔗 https://line.me/ti/p/VbC9xinX7H
📘 เพจ: ติดดินบินโดน",0,04/27/2026 00:06,https://www.facebook.com/tiddinnyk/posts/pfbid0S4eJA1yer35pe9ycoL8wsYaKJjjLra3denh88c9EfJpbxWK83tENVyWE7fSBaRxql,รูปภาพ,,อายุการใช้งาน,0,--,30,0,0,0,0,0,22,79,,
1.22108E+17,6.15721E+13,ติดดินบินโดรน - ขายที่ดินนครนายก,อันบั้มลงพื้นที่ + เครดิตซื้อขายครับ 👍🏻⛰️,0,04/26/2026 23:50,https://www.facebook.com/tiddinnyk/posts/pfbid0s7Tyc7DWwyjgoKcC7EDyscuNYdw3vhABRU8XkD37pe2nayy3ZDhQesoFECTkA2ZVl,รูปภาพ,,อายุการใช้งาน,0,--,29,0,0,0,0,0,21,60,,
1.22108E+17,6.15721E+13,ติดดินบินโดรน - ขายที่ดินนครนายก,"🌄 ที่ดินแบ่งล็อค ต.เขาพระ วิวเขาล้อมรอบ 🌄

เริ่มต้นเพียง 50 ตร.วา 390,000 บาท เท่านั้น‼️

✨ ทำเลดี วิวเขาจุก ๆ ล้อมรอบ

🏡 เหมาะสร้างบ้านพักตากอากาศ / ซื้อเก็บลงทุน

🚗 เดินทางสะดวก บรรยากาศส่วนตัว

📍 ต.เขาพระ อ.เมือง จ.นครนายก

⏳ มีจำนวนจำกัด เลือกแปลงก่อน ได้วิวก่อน!

📞 ติดต่อซุง

โทร: 096-945-3731

Line ID: mrsungz

🔗 https://line.me/ti/p/VbC9xinX7H

📘 เพจ: ปูแสงจันทร์ ที่ดินนครนายก",0,04/26/2026 23:45,https://www.facebook.com/tiddinnyk/posts/pfbid0KCgXDViusNE5owPk8uFwbFe4o9CLSwz442PcXpgJtrTGD3Z14K4XdqcSGjr2EX94l,รูปภาพ,,อายุการใช้งาน,0,--,26,0,0,0,0,0,19,56,,
1.22108E+17,6.15721E+13,ติดดินบินโดรน - ขายที่ดินนครนายก,"🔥 สวนผลไม้ 2 ไร่ สาริกา ลดแรงเหลือ 4.4 ล้าน!

💥 จากไร่ละ 3.5 ล. → 2.2 ล.
📐 รวม 2 ไร่ = 4,400,000 บาท (แบ่งขายได้)

📍 ต.สาริกา อ.เมือง จ.นครนายก (โซนเขื่อนขุนด่าน)

🌿 มีผลผลิตพร้อม: ลองกอง มะยงชิด มังคุด มะไฟ ขนุน กล้วย ฯลฯ
🌳 มีไม้สัก / ชิงชัน

✔️ ติดถนนหน้า–หลัง
✔️ ใกล้น้ำ ~40 ม.
✔️ ที่ดินสูง น้ำไม่ท่วม
✔️ ห่างถนนหลัก ~1 กม.

เหมาะทำบ้านสวน / รีสอร์ท / ลงทุน

⚠️ ราคาโซนนี้ขึ้นแรง แปลงข้างเคียงสูงกว่านี้มาก

📞 ซุง 096-945-3731
📱 Line ID: mrsungz
🔗 https://line.me/ti/p/VbC9xinX7H
📘 เพจ: ปูแสงจันทร์ ที่ดินนครนายก",0,04/26/2026 21:55,https://www.facebook.com/tiddinnyk/posts/pfbid0af5Vqkwx5x2zvVrr3WCJGTd5FETsnEhctf1nUEQ4NpQp3quvKi1weQUFe4ncif3dl,รูปภาพ,,อายุการใช้งาน,0,--,25,0,0,0,0,0,21,47,,
1.22108E+17,6.15721E+13,ติดดินบินโดรน - ขายที่ดินนครนายก,"🔥 สวนผลไม้ 2 ไร่ สาริกา ลดแรงเหลือ 4.4 ล้าน!

💥 จากไร่ละ 3.5 ล. → 2.2 ล.
📐 รวม 2 ไร่ = 4,400,000 บาท (แบ่งขายได้)

📍 ต.สาริกา อ.เมือง จ.นครนายก (โซนเขื่อนขุนด่าน)

🌿 มีผลผลิตพร้อม: ลองกอง มะยงชิด มังคุด มะไฟ ขนุน กล้วย ฯลฯ
🌳 มีไม้สัก / ชิงชัน

✔️ ติดถนนหน้า–หลัง
✔️ ใกล้น้ำ ~40 ม.
✔️ ที่ดินสูง น้ำไม่ท่วม
✔️ ห่างถนนหลัก ~1 กม.

เหมาะทำบ้านสวน / รีสอร์ท / ลงทุน

⚠️ ราคาโซนนี้ขึ้นแรง แปลงข้างเคียงสูงกว่านี้มาก

📞 ซุง 096-945-3731
📱 Line ID: mrsungz
🔗 https://line.me/ti/p/VbC9xinX7H
📘 เพจ: ปูแสงจันทร์ ที่ดินนครนายก",0,04/26/2026 20:26,https://www.facebook.com/tiddinnyk/posts/pfbid0F6bzhgQE2FbqRumJsXH8zQnYReqG2X44A4H1aJLEidStNJbysyaMyvJpFZvotarbl,รูปภาพ,,อายุการใช้งาน,0,--,24,0,0,0,0,0,20,45,,
1.22108E+17,6.15721E+13,ติดดินบินโดรน - ขายที่ดินนครนายก,"🚨 ล็อคใหม่ ศรีนาวา เปิดแล้ว! วิวเขาล้อมรอบ

📐 ขนาด 1 ไร่

💰 เริ่มต้นเพียง 950,000 บาท

📍 ต.ศรีนาวา อ.เมือง จ.นครนายก

⛰ วิวเขาล้อม บรรยากาศธรรมชาติ

🚗 ใกล้ชุมชน เดินทางสะดวก

เหมาะสร้างบ้าน / บ้านสวน / ลงทุน

📞 ซุง 096-945-3731

📱 Line ID: mrsungz

🔗 https://line.me/ti/p/VbC9xinX7H

📘 เพจ: ปูแสงจันทร์ ที่ดินนครนายก",0,04/26/2026 20:19,https://www.facebook.com/tiddinnyk/posts/pfbid02DVpwEG13nC1UhhqzP6nQPapCqRyZP6rLoWRj5qp5C6kZUyGGnmZPUQ4PfjBvCNZl,รูปภาพ,,อายุการใช้งาน,0,--,24,0,0,0,0,0,19,41,,
1.22103E+17,6.15721E+13,ติดดินบินโดรน - ขายที่ดินนครนายก,"🚨 ต่ำล้าน! ติดถนนลาดยาง โซนศรีนาวา

📐 ขนาด 3 งาน 91 ตร.วา (เกือบ 1 ไร่)
💰 ราคาเพียง 990,000 บาท

📍 ต.ศรีนาวา อ.เมือง จ.นครนายก

✔️ ติดถนนลาดยาง เข้า–ออกง่าย
✔️ อยู่ในชุมชน ใกล้ตลาด / CJ / 7-11
✔️ ใกล้ PTT ศรีนาวา
✔️ มีต้นมะม่วง + เคลียร์วิวเขาได้

เหมาะทำบ้าน / บ้านสวน / ถือไว้

⚠️ ทำเลนี้ “ต่ำล้าน” หาไม่ง่ายแล้ว

📞 ซุง 096-945-3731
📱 Line ID: mrsungz
🔗 https://line.me/ti/p/VbC9xinX7H

#tiddininstock",0,04/18/2026 22:53,https://www.facebook.com/tiddinnyk/posts/pfbid0WYTKrAVVSK5vRQfdcFnbvCuNnD9PpsGbwfEjBj7sAmW2Mv5mxzreNPadmLDu49Gsl,รูปภาพ,,อายุการใช้งาน,0,--,42,0,0,0,0,0,27,111,,
1.221E+17,6.15721E+13,ติดดินบินโดรน - ขายที่ดินนครนายก,นึกถึงที่ดิน นึกถึงบินโดรน นึกถึงพวกเรานะครับ 🙏🏻,0,04/16/2026 03:27,https://www.facebook.com/tiddinnyk/posts/pfbid02qN1TWcAj4YfLmRqkvuu3WbYf4TWq5k3RejkyLhAySxpWKkU7RgRXBaHXYNP1sbaQl,เนื้อหา,,อายุการใช้งาน,0,--,83,0,0,0,0,0,58,154,,
1.22097E+17,6.15721E+13,ติดดินบินโดรน - ขายที่ดินนครนายก,"ที่ดินเปล่าติดถนน 10 ไร่ เริ่มต้นไร่ละ 6.5ล

สนใจโทร 096-321-6888 (ซุง)

#ที่ดิน #เขาใหญ่ #ที่ดินปากช่อง",9,4/11/2026 23:04,https://www.facebook.com/reel/1176241874488836/,คลิป Reels,,อายุการใช้งาน,0,+0.2x,85,1,0,1,0,0,55,111,6.068,412.671
