id,date,time,slot,status,platforms,content_type,property_id,title,price_thb,location,video_file,image_files,caption,post_url,note
2026-08-01T10:00,2026-08-01,10:00,เสาร์ · ชุดโพสต์ลงกลุ่ม (โพสต์เอง),DRAFT,MANUAL_KIT,video,PROP-TH-01029,ที่ดินสวย ทำเลดี,,นครนายก,PROP-TH-01029_1785323475587_9_16.mp4,,"ที่ดินนครนายก พื้นที่สวย ใกล้สะดวกสำหรับสร้างบ้านหรือทำการเกษตร 🌱

• เจ้าของขายเอง ไม่มีค่ามัธยายม
• โฉนดพร้อมโอน สามารถจดทะเบียนได้เลย
• ตั้งอยู่ในจังหวัดนครนายก ทำเลดี
• สอบถามราคา และรายละเอียดได้เลย

สนใจดูพื้นที่จริง ติดต่อได้ที่ ทักแชทเพจนี้ หรือ LINE @244raxjb ครับ 👍

#ที่ดินนครนายก #ที่ดินขายเอง #ที่ดินเจ้าของขายเอง #โฉนดพร้อม #ที่ดินทำเลดี #นครนายก #ขายที่ดิน #เกษตรกรรม",,
2026-08-01T19:00,2026-08-01,19:00,เย็น · คลิปสั้นแนวตั้ง (ตัวหลัก),DRAFT,FACEBOOK_REELS|TIKTOK|YOUTUBE_SHORTS,video,PROP-TH-01029,ที่ดินสวย ทำเลดี,,นครนายก,PROP-TH-01029_1785323433501_9_16.mp4,,"🏡 ที่ดินสวย ทำเลดี จังหวัดนครนายก 

เจ้าของขายเอง ไม่มีนายหน้า ช่วยประหยัดค่าธรรมเชาติ โฉนดพร้อมโอน สะดวกในการทำการณ์ต่างๆ 

สนใจรายละเอียดเพิ่มเติม? ติดต่อเราได้ที่ 👇
💬 ทักแชทเพจ หรือ LINE @244raxjb

อย่าพลาดโอกาสดีๆ ติดต่อวันนี้เลย! 📞

#ที่ดินนครนายก #ซื้อขายที่ดิน #เจ้าของขายเอง #ที่ดินทำเลดี #อสังหาริมทรัพย์ #โฉนดพร้อม #ที่ดินราคาดี",,
2026-08-02T19:00,2026-08-02,19:00,เย็น · คลิปสั้นแนวตั้ง (ตัวหลัก),DRAFT,FACEBOOK_REELS|TIKTOK|YOUTUBE_SHORTS,video,PROP-TH-01029,ที่ดินสวย ทำเลดี,,นครนายก,PROP-TH-01029_1785290487170_9_16.mp4,,"🏡 ที่ดินสวย ทำเลดี จังหวัดนครนายก 
เจ้าของขายเอง • โฉนดพร้อมโอน • ราคาพิเศษ

ทำเลดีเหมาะสำหรับสร้างบ้านอยู่อาศัยหรือลงทุน ที่ดินมีความสวยงาม เจ้าของขายโดยตรงจึงราคาคุ้มค่า โฉนดพร้อมโอนทันที ไม่มีปัญหา

สนใจติดต่อเรา 📱
ทักแชทเพจ หรือ LINE @244raxjb

#ที่ดินนครนายก #ที่ดินเจ้าของขายเอง #ที่ดินขาย #ลงทุนที่ดิน #โฉนดพร้อมโอน #นครนายก #ที่ดินไทย",,